CRIM,ZNRES,ZNIND,CHAR,NROOMS,AGE,DISC,BATH,IPTU,PRATIO,DISM,MEDV
0.00632,18,2.31,0,4,65,47.9,2,296,15.3,5.09,24
0.02731,0,7.07,0,4,79,52.671,3,242,17.8,7.9671,21.6
0.02729,0,7.07,0,5,61,68.671,2,242,17.8,18.9671,34.7
0.03237,0,2.18,0,4,46,75.622,1,222,18.7,25.0622,33.4
0.06905,0,2.18,0,5,54,71.622,3,222,18.7,21.0622,36.2
0.02985,0,2.18,0,4,59,82.622,1,222,18.7,17.0622,28.7
0.08829,12.5,7.87,0,4,67,63.605,4,311,15.2,19.5605,22.9
0.14455,12.5,7.87,0,4,96,86.505,3,311,15.2,16.9505,27.1
0.21124,12.5,7.87,0,3,100,76.821,4,311,15.2,18.0821,16.5
0.17004,12.5,7.87,0,4,86,80.921,2,311,15.2,9.5921,18.9
0.22489,12.5,7.87,0,4,94,88.467,4,311,15.2,14.3467,15
0.11747,12.5,7.87,0,4,83,87.267,4,311,15.2,15.2267,18.9
0.09378,12.5,7.87,0,3,39,78.509,3,311,15.2,25.4509,21.7
0.62976,0,8.14,0,3,62,69.075,2,307,21,18.7075,20.4
0.63796,0,8.14,0,4,85,64.619,4,307,21,12.4619,18.2
0.62739,0,8.14,0,3,57,72.986,2,307,21,8.4986,19.9
1.05393,0,8.14,0,3,29,58.986,3,307,21,15.4986,23.1
0.7842,0,8.14,0,3,82,60.579,2,307,21,21.2579,17.5
0.80271,0,8.14,0,3,37,45.965,3,307,21,6.7965,20.2
0.7258,0,8.14,0,3,70,53.965,3,307,21,20.7965,18.2
1.25179,0,8.14,0,3,98,51.979,1,307,21,18.7979,13.6
0.85204,0,8.14,0,3,89,53.123,1,307,21,9.0123,19.6
1.23247,0,8.14,0,4,92,39.769,2,307,21,23.9769,15.2
0.98843,0,8.14,0,3,100,52.952,4,307,21,24.0952,14.5
0.75026,0,8.14,0,3,94,62.996,4,307,21,22.3996,15.6
0.84054,0,8.14,0,3,86,45.546,1,307,21,9.4546,13.9
0.67191,0,8.14,0,3,90,57.82,2,307,21,21.682,16.6
0.95577,0,8.14,0,4,89,46.534,4,307,21,13.4534,14.8
0.77299,0,8.14,0,4,94,63.547,4,307,21,16.4547,18.4
1.00245,0,8.14,0,4,87,67.39,2,307,21,15.239,21
1.13081,0,8.14,0,3,94,60.33,4,307,21,8.233,12.7
1.35472,0,8.14,0,4,100,63.75,1,307,21,8.175,14.5
1.38799,0,8.14,0,3,82,42.9,1,307,21,13.99,13.2
1.15172,0,8.14,0,3,95,63.872,4,307,21,23.7872,13.1
1.61282,0,8.14,0,4,97,66.598,1,307,21,22.7598,13.5
0.06417,0,5.96,0,3,68,50.603,3,279,19.2,13.3603,18.9
0.09744,0,5.96,0,3,61,37.779,4,279,19.2,11.3779,20
0.08014,0,5.96,0,3,42,57.342,2,279,19.2,22.9342,21
0.17505,0,5.96,0,3,30,56.473,2,279,19.2,11.8473,24.7
0.02763,75,2.95,0,4,22,78.011,2,252,18.3,21.4011,30.8
0.03359,75,2.95,0,5,16,64.011,1,252,18.3,12.4011,34.9
0.12744,0,6.91,0,4,3,66.209,1,233,17.9,15.7209,26.6
0.1415,0,6.91,0,4,7,57.209,2,233,17.9,22.7209,25.3
0.15936,0,6.91,0,4,7,60.209,3,233,17.9,24.7209,24.7
0.12269,0,6.91,0,4,40,84.209,3,233,17.9,6.7209,21.2
0.17142,0,6.91,0,3,34,80.004,1,233,17.9,19.1004,19.3
0.18836,0,6.91,0,3,33,75.004,4,233,17.9,20.1004,20
0.22927,0,6.91,0,4,86,68.894,1,233,17.9,11.6894,16.6
0.25387,0,6.91,0,3,95,64.7,3,233,17.9,10.87,14.4
0.21977,0,6.91,0,3,62,75.877,4,233,17.9,6.0877,19.4
0.08873,21,5.64,0,3,46,72.147,2,243,16.8,7.8147,19.7
0.04337,21,5.64,0,4,63,94.147,4,243,16.8,17.8147,20.5
0.0536,21,5.64,0,4,21,77.147,3,243,16.8,23.8147,25
0.04981,21,5.64,0,3,21,72.147,1,243,16.8,23.8147,23.4
0.0136,75,4,0,3,48,84.197,2,469,21.1,11.3197,18.9
0.01311,90,1.22,0,5,22,92.966,2,226,17.9,18.6966,35.4
0.02055,85,0.74,0,4,36,114.876,4,313,17.3,22.1876,24.7
0.01432,100,1.32,0,4,41,94.248,2,256,15.1,16.3248,31.6
0.15445,25,5.13,0,4,29,98.148,4,284,19.7,25.8148,23.3
0.10328,25,5.13,0,3,47,99.32,1,284,19.7,7.932,19.6
0.14932,25,5.13,0,3,66,76.254,2,284,19.7,26.2254,18.7
0.17171,25,5.13,0,3,93,81.185,4,284,19.7,19.8185,16
0.11027,25,5.13,0,4,68,94.255,2,284,19.7,16.2255,22.2
0.1265,25,5.13,0,4,43,84.809,2,284,19.7,16.9809,25
0.01951,17.5,1.38,0,5,60,112.229,1,216,18.6,14.2229,33
0.03584,80,3.37,0,4,18,93.115,4,337,16.1,12.6115,23.5
0.04379,80,3.37,0,3,31,96.115,3,337,16.1,22.6115,19.4
0.05789,12.5,6.07,0,3,21,75.98,4,345,18.9,16.498,22
0.13554,12.5,6.07,0,3,37,89.98,3,345,18.9,16.498,17.4
0.12816,12.5,6.07,0,3,33,67.98,2,345,18.9,12.498,20.9
0.08826,0,10.81,0,4,7,81.873,3,305,19.2,9.2873,24.2
0.15876,0,10.81,0,3,18,64.873,3,305,19.2,15.2873,21.7
0.09164,0,10.81,0,4,8,52.873,2,305,19.2,25.2873,22.8
0.19539,0,10.81,0,4,6,82.873,2,305,19.2,20.2873,23.4
0.07896,0,12.83,0,4,6,67.515,2,398,18.7,15.2515,24.1
0.09512,0,12.83,0,4,45,71.026,4,398,18.7,15.5026,21.4
0.10153,0,12.83,0,4,75,68.522,3,398,18.7,17.0522,20
0.08707,0,12.83,0,4,46,66.905,2,398,18.7,20.0905,20.8
0.05646,0,12.83,0,4,54,65.141,3,398,18.7,24.0141,21.2
0.08387,0,12.83,0,3,37,51.026,3,398,18.7,11.5026,20.3
0.04113,25,4.86,0,4,34,79.007,4,281,19,13.4007,28
0.04462,25,4.86,0,4,70,66.007,3,281,19,13.4007,23.9
0.03659,25,4.86,0,4,32,56.007,1,281,19,15.4007,24.8
0.03551,25,4.86,0,4,47,75.007,2,281,19,17.4007,22.9
0.05059,0,4.49,0,4,48,70.794,1,247,18.5,22.7794,23.9
0.05735,0,4.49,0,4,56,66.377,2,247,18.5,18.4377,26.6
0.05188,0,4.49,0,4,45,54.272,1,247,18.5,5.4272,22.5
0.07151,0,4.49,0,4,57,52.476,4,247,18.5,16.7476,22.2
0.0566,0,3.41,0,5,86,50.217,4,270,17.8,18.4217,23.6
0.05302,0,3.41,0,5,63,57.145,4,270,17.8,19.4145,28.7
0.04684,0,3.41,0,4,66,50.923,1,270,17.8,14.0923,22.6
0.03932,0,3.41,0,4,74,38.921,4,270,17.8,9.0921,22
0.04203,28,15.04,0,4,54,56.659,1,270,18.2,16.6659,22.9
0.02875,28,15.04,0,4,29,42.659,2,270,18.2,13.6659,25
0.04294,28,15.04,0,4,77,49.15,3,270,18.2,5.615,20.6
0.12204,0,2.89,0,4,58,52.952,4,276,18,17.4952,28.4
0.11504,0,2.89,0,4,70,56.952,4,276,18,15.4952,21.4
0.12083,0,2.89,0,6,76,60.952,2,276,18,21.4952,38.7
0.08187,0,2.89,0,5,37,51.952,3,276,18,14.4952,43.8
0.0686,0,2.89,0,5,63,38.952,2,276,18,5.4952,33.2
0.14866,0,8.56,0,4,80,39.778,2,384,20.9,15.7778,27.5
0.11432,0,8.56,0,4,71,55.561,4,384,20.9,17.8561,26.5
0.22876,0,8.56,0,4,85,27.147,1,384,20.9,17.7147,18.6
0.21161,0,8.56,0,4,87,44.147,2,384,20.9,20.7147,19.3
0.1396,0,8.56,0,4,90,31.21,2,384,20.9,22.421,20.1
0.13262,0,8.56,0,3,97,41.069,2,384,20.9,15.1069,19.5
0.1712,0,8.56,0,3,92,39.11,1,384,20.9,22.211,19.5
0.13117,0,8.56,0,4,85,23.224,1,384,20.9,4.1224,20.4
0.12802,0,8.56,0,4,97,35.329,3,384,20.9,10.4329,19.8
0.26363,0,8.56,0,4,91,26.451,1,384,20.9,19.5451,19.4
0.10793,0,8.56,0,4,54,27.778,2,384,20.9,10.7778,21.7
0.10084,0,10.01,0,4,82,51.775,2,432,17.8,21.6775,22.8
0.12329,0,10.01,0,3,93,51.534,4,432,17.8,15.3534,18.8
0.22212,0,10.01,0,4,95,48.48,1,432,17.8,12.548,18.7
0.14231,0,10.01,0,4,84,37.565,4,432,17.8,6.2565,18.5
0.17134,0,10.01,0,3,88,26.631,4,432,17.8,6.4631,18.3
0.13158,0,10.01,0,4,73,36.301,4,432,17.8,15.7301,21.2
0.15098,0,10.01,0,4,83,57.474,2,432,17.8,10.7474,19.2
0.13058,0,10.01,0,3,73,34.775,2,432,17.8,20.4775,20.4
0.14476,0,10.01,0,3,65,32.592,3,432,17.8,3.7592,19.3
0.06899,0,25.65,0,3,70,35.577,1,188,19.1,5.2577,22
0.07165,0,25.65,0,4,84,43.974,4,188,19.1,20.1974,20.3
0.09299,0,25.65,0,3,93,46.869,4,188,19.1,11.0869,20.5
0.15038,0,25.65,0,3,97,32.444,1,188,19.1,17.9444,17.3
0.09849,0,25.65,0,3,96,33.063,1,188,19.1,6.0063,18.8
0.16902,0,25.65,0,3,88,23.929,4,188,19.1,14.9929,21.4
0.38735,0,25.65,0,3,96,27.572,3,188,19.1,17.7572,15.7
0.25915,0,21.89,0,3,96,28.883,4,437,21.2,7.7883,16.2
0.32543,0,21.89,0,4,99,25.125,3,437,21.2,20.8125,18
0.88125,0,21.89,0,3,95,20.799,4,437,21.2,8.9799,14.3
0.34006,0,21.89,0,4,99,47.185,1,437,21.2,20.1185,19.2
1.19294,0,21.89,0,4,98,35.71,3,437,21.2,18.271,19.6
0.59005,0,21.89,0,4,98,37.274,1,437,21.2,6.3274,23
0.32982,0,21.89,0,3,95,24.699,2,437,21.2,14.4699,18.4
0.97617,0,21.89,0,3,98,36.46,2,437,21.2,15.346,15.6
0.55778,0,21.89,0,4,98,40.107,2,437,21.2,21.1107,18.1
0.32264,0,21.89,0,3,94,20.669,4,437,21.2,20.9669,17.4
0.35233,0,21.89,0,4,98,21.498,3,437,21.2,14.8498,17.1
0.2498,0,21.89,0,3,98,43.686,3,437,21.2,1.6686,13.3
0.54452,0,21.89,0,4,98,23.687,3,437,21.2,3.6687,17.8
0.2909,0,21.89,0,4,94,16.119,2,437,21.2,12.6119,14
1.62864,0,21.89,0,3,100,43.394,4,437,21.2,7.4394,14.4
3.32105,0,19.58,1,3,100,21.216,3,403,14.7,6.3216,13.4
4.0974,0,19.58,0,3,100,38.118,4,403,14.7,21.4118,15.6
2.77974,0,19.58,0,2,98,41.459,1,403,14.7,18.3459,11.8
2.37934,0,19.58,0,4,100,24.191,2,403,14.7,10.4191,13.8
2.15505,0,19.58,0,3,100,31.166,3,403,14.7,8.5166,15.6
2.36862,0,19.58,0,2,96,27.608,4,403,14.7,9.4608,14.6
2.33099,0,19.58,0,3,94,41.296,1,403,14.7,6.5296,17.8
2.73397,0,19.58,0,3,95,37.257,4,403,14.7,21.5257,15.4
1.6566,0,19.58,0,4,97,43.18,1,403,14.7,17.618,21.5
1.49632,0,19.58,0,3,100,35.916,2,403,14.7,16.5916,19.6
1.12658,0,19.58,1,3,88,40.102,3,403,14.7,18.6102,15.3
2.14918,0,19.58,0,3,99,39.232,3,403,14.7,10.6232,19.4
1.41385,0,19.58,1,4,96,20.494,3,403,14.7,16.7494,17
3.53501,0,19.58,1,4,83,36.455,1,403,14.7,10.7455,15.6
2.44668,0,19.58,0,3,94,27.364,3,403,14.7,2.7364,13.1
1.22358,0,19.58,0,4,97,31.773,3,403,14.7,14.8773,41.3
1.34284,0,19.58,0,4,100,38.573,1,403,14.7,7.7573,24.3
1.42502,0,19.58,0,4,100,20.659,1,403,14.7,15.7659,23.3
1.27346,0,19.58,1,4,93,19.984,3,403,14.7,19.7984,27
1.46336,0,19.58,0,5,91,27.709,3,403,14.7,21.9709,50
1.83377,0,19.58,1,5,98,32.407,4,403,14.7,18.0407,50
1.51902,0,19.58,1,6,94,44.62,2,403,14.7,7.162,50
2.24236,0,19.58,0,3,92,30.22,1,403,14.7,22.422,22.7
2.924,0,19.58,0,4,93,52.834,1,403,14.7,14.2834,25
2.01019,0,19.58,0,5,96,46.459,4,403,14.7,10.0459,50
1.80028,0,19.58,0,3,79,52.259,1,403,14.7,7.4259,23.8
2.3004,0,19.58,0,4,96,22,1,403,14.7,15.1,23.8
2.44953,0,19.58,0,4,95,51.625,4,403,14.7,5.2625,22.3
1.20742,0,19.58,0,3,95,28.259,2,403,14.7,5.4259,17.4
2.3139,0,19.58,0,3,97,52.887,1,403,14.7,4.3887,19.1
0.13914,0,4.05,0,3,89,49.961,2,296,16.6,3.5961,23.1
0.09178,0,4.05,0,4,84,39.463,4,296,16.6,9.6463,23.6
0.08447,0,4.05,0,3,69,44.019,3,296,16.6,4.7019,22.6
0.06664,0,4.05,0,4,33,39.323,2,296,16.6,12.1323,29.4
0.07022,0,4.05,0,4,47,41.549,4,296,16.6,16.5549,23.2
0.05425,0,4.05,0,4,73,59.175,2,296,16.6,21.3175,24.6
0.06642,0,4.05,0,4,74,46.153,3,296,16.6,21.9153,29.9
0.0578,0,2.46,0,4,58,47.29,3,193,17.8,9.829,37.2
0.06588,0,2.46,0,5,83,53.41,2,193,17.8,20.741,39.8
0.06888,0,2.46,0,4,62,25.979,3,193,17.8,14.5979,36.2
0.09103,0,2.46,0,5,92,42.006,2,193,17.8,10.7006,37.9
0.10008,0,2.46,0,4,96,36.47,1,193,17.8,21.847,32.5
0.08308,0,2.46,0,3,90,58.879,4,193,17.8,12.9879,26.4
0.06047,0,2.46,0,4,69,53.797,2,193,17.8,7.2797,29.6
0.05602,0,2.46,0,5,54,61.992,2,193,17.8,11.1992,50
0.07875,45,3.44,0,4,41,56.886,4,398,15.2,10.7886,32
0.12579,45,3.44,0,4,29,70.667,2,398,15.2,12.5667,29.8
0.0837,45,3.44,0,5,39,46.667,2,398,15.2,20.5667,34.9
0.09068,45,3.44,0,4,22,72.798,2,398,15.2,19.4798,37
0.06911,45,3.44,0,4,31,81.798,4,398,15.2,14.4798,30.5
0.08664,45,3.44,0,5,26,79.798,1,398,15.2,18.4798,36.4
0.02187,60,2.93,0,4,10,69.196,4,265,15.6,24.2196,31.1
0.01439,60,2.93,0,4,19,86.196,3,265,15.6,19.2196,29.1
0.01381,80,0.46,0,5,32,86.484,3,255,14.4,25.6484,50
0.04011,80,1.52,0,5,34,92.09,4,329,12.6,27.309,33.3
0.04666,80,1.52,0,5,37,79.09,3,329,12.6,8.309,30.3
0.03768,80,1.52,0,5,38,96.09,4,329,12.6,12.309,34.6
0.0315,95,1.47,0,4,15,95.534,2,402,17,13.6534,34.9
0.01778,95,1.47,0,5,14,81.534,4,402,17,14.6534,32.9
0.03445,82.5,2.03,0,4,38,62.7,1,348,14.7,21.27,24.1
0.02177,82.5,2.03,0,5,16,76.7,2,348,14.7,26.27,42.3
0.0351,95,2.68,0,5,33,81.18,1,224,14.7,24.118,48.5
0.02009,95,2.68,0,6,32,67.18,1,224,14.7,22.118,50
0.13642,0,10.59,0,3,22,53.454,4,277,18.6,21.9454,22.6
0.22969,0,10.59,0,4,53,44.549,1,277,18.6,20.3549,24.4
0.25199,0,10.59,0,3,73,58.549,2,277,18.6,16.3549,22.5
0.13587,0,10.59,1,4,59,67.392,2,277,18.6,7.2392,24.4
0.43571,0,10.59,1,3,100,48.75,4,277,18.6,19.875,20
0.17446,0,10.59,1,3,92,54.771,1,277,18.6,5.8771,21.7
0.37578,0,10.59,1,3,89,61.65,3,277,18.6,11.665,19.3
0.21719,0,10.59,1,3,54,42.526,1,277,18.6,21.6526,22.4
0.14052,0,10.59,0,4,32,43.454,4,277,18.6,13.9454,28.1
0.28955,0,10.59,0,3,10,54.875,2,277,18.6,9.5875,23.7
0.19802,0,10.59,0,4,42,48.454,1,277,18.6,23.9454,25
0.0456,0,13.89,1,3,56,40.121,2,276,16.4,19.1121,23.3
0.07013,0,13.89,0,4,85,64.211,3,276,16.4,7.4211,28.7
0.11069,0,13.89,1,3,94,57.893,1,276,16.4,12.8893,21.5
0.11425,0,13.89,1,4,92,43.633,2,276,16.4,19.3633,23
0.35809,0,6.2,1,4,89,53.617,4,307,17.4,21.8617,26.7
0.40771,0,6.2,1,4,91,50.48,2,307,17.4,14.048,21.7
0.62356,0,6.2,1,4,78,50.721,2,307,17.4,20.2721,27.5
0.6147,0,6.2,0,4,81,53.721,4,307,17.4,16.2721,30.1
0.31533,0,6.2,0,6,78,56.944,2,307,17.4,21.8944,44.8
0.52693,0,6.2,0,6,83,49.944,3,307,17.4,12.8944,50
0.38214,0,6.2,0,6,87,50.157,2,307,17.4,13.2157,37.6
0.41238,0,6.2,0,5,80,54.157,3,307,17.4,17.2157,31.6
0.29819,0,6.2,0,5,17,37.751,2,307,17.4,20.3751,46.7
0.44178,0,6.2,0,4,21,48.751,4,307,17.4,4.3751,31.5
0.537,0,6.2,0,3,68,39.715,3,307,17.4,22.6715,24.3
0.46296,0,6.2,0,5,77,59.715,4,307,17.4,9.6715,31.7
0.57529,0,6.2,0,6,73,68.384,3,307,17.4,18.8384,41.7
0.33147,0,6.2,0,6,70,52.519,3,307,17.4,21.6519,48.3
0.44791,0,6.2,1,4,67,46.519,4,307,17.4,8.6519,29
0.33045,0,6.2,0,4,62,53.519,2,307,17.4,21.6519,24
0.52058,0,6.2,1,4,77,71.48,3,307,17.4,13.148,25.1
0.51183,0,6.2,0,5,72,67.48,1,307,17.4,15.148,31.5
0.08244,30,4.93,0,4,19,61.899,1,300,16.6,24.1899,23.7
0.09252,30,4.93,0,4,42,67.899,2,300,16.6,26.1899,23.3
0.11329,30,4.93,0,4,54,82.361,1,300,16.6,11.3361,22
0.10612,30,4.93,0,4,65,80.361,4,300,16.6,13.3361,20.1
0.1029,30,4.93,0,4,53,85.355,2,300,16.6,27.0355,22.2
0.12757,30,4.93,0,4,8,91.355,3,300,16.6,20.0355,23.7
0.20608,22,5.86,0,3,77,79.549,3,330,19.1,23.9549,17.6
0.19133,22,5.86,0,3,70,91.549,4,330,19.1,20.9549,18.5
0.33983,22,5.86,0,4,35,108.555,4,330,19.1,15.0555,24.3
0.19657,22,5.86,0,4,79,91.555,4,330,19.1,14.0555,20.5
0.16439,22,5.86,0,4,49,99.265,3,330,19.1,11.8265,24.5
0.19073,22,5.86,0,4,18,93.265,2,330,19.1,10.8265,26.2
0.1403,22,5.86,0,4,13,80.967,4,330,19.1,9.3967,24.4
0.21409,22,5.86,0,4,9,83.967,3,330,19.1,23.3967,24.8
0.08221,22,5.86,0,4,7,100.067,2,330,19.1,9.9067,29.6
0.36894,22,5.86,0,6,8,89.067,4,330,19.1,21.9067,42.8
0.04819,80,3.64,0,4,32,118.203,3,315,16.4,17.2203,21.9
0.03548,80,3.64,0,3,19,92.203,3,315,16.4,25.2203,20.9
0.01538,90,3.75,0,5,34,84.361,2,244,15.9,12.3361,44
0.61154,20,3.97,0,6,87,32.01,4,264,13,21.801,50
0.66351,20,3.97,0,5,100,38.946,3,264,13,12.8946,36
0.65665,20,3.97,0,4,100,31.107,3,264,13,2.0107,30.1
0.54011,20,3.97,0,5,82,28.121,4,264,13,18.1121,33.8
0.53412,20,3.97,0,5,89,33.398,3,264,13,18.1398,43.1
0.52014,20,3.97,0,6,92,22.885,3,264,13,9.2885,48.8
0.82526,20,3.97,0,5,95,20.788,4,264,13,18.0788,31
0.55007,20,3.97,0,5,92,43.301,4,264,13,14.9301,36.5
0.76162,20,3.97,0,3,63,49.865,1,264,13,11.9865,22.8
0.7857,20,3.97,0,5,85,28.329,1,264,13,19.1329,30.7
0.57834,20,3.97,0,6,67,34.216,2,264,13,13.4216,50
0.5405,20,3.97,0,5,53,38.72,1,264,13,20.872,43.5
0.09065,20,6.96,1,3,62,67.175,3,223,18.6,19.9175,20.7
0.29916,20,6.96,0,3,42,60.29,2,223,18.6,22.429,21.1
0.16211,20,6.96,0,4,16,49.29,2,223,18.6,15.429,25.2
0.1146,20,6.96,0,4,59,42.175,4,223,18.6,15.9175,24.4
0.22188,20,6.96,1,5,52,53.665,2,223,18.6,9.3665,35.2
0.05644,40,6.41,1,4,33,56.776,1,254,17.6,15.0776,32.4
0.09604,40,6.41,0,4,43,54.673,4,254,17.6,16.2673,32
0.10469,40,6.41,1,5,49,61.872,4,254,17.6,19.7872,33.2
0.06127,40,6.41,1,4,28,54.628,3,254,17.6,24.8628,33.1
0.07978,40,6.41,0,4,32,70.403,3,254,17.6,23.1403,29.1
0.21038,20,3.33,0,4,32,49.007,4,216,14.9,8.1007,35.1
0.03578,20,3.33,0,5,65,62.947,3,216,14.9,11.6947,45.4
0.03705,20,3.33,0,4,37,67.447,4,216,14.9,9.2447,35.4
0.06129,20,3.33,1,5,50,79.119,3,216,14.9,11.2119,46
0.01501,90,1.21,1,5,25,60.85,2,198,13.6,21.885,50
0.00906,90,2.97,0,5,21,95.073,2,285,15.3,16.3073,32.2
0.01096,55,2.25,0,4,32,96.073,2,300,15.3,13.3073,22
0.01965,80,1.76,0,4,32,99.892,4,241,18.2,10.0892,20.1
0.03871,52.5,5.32,0,4,31,102.172,4,293,16.6,7.3172,23.2
0.0459,52.5,5.32,0,4,46,76.172,1,293,16.6,21.3172,22.3
0.04297,52.5,5.32,0,4,23,102.172,3,293,16.6,16.3172,24.8
0.03502,80,4.95,0,4,28,54.167,4,245,19.2,13.1167,28.5
0.07886,80,4.95,0,5,28,72.167,2,245,19.2,8.1167,37.3
0.03615,80,4.95,0,4,23,57.167,3,245,19.2,23.1167,27.9
0.08265,0,13.92,0,4,18,83.027,4,289,16,24.5027,23.9
0.08199,0,13.92,0,4,42,67.027,2,289,16,24.5027,21.7
0.12932,0,13.92,0,4,31,82.604,4,289,16,24.9604,28.6
0.05372,0,13.92,0,4,51,72.604,1,289,16,6.9604,27.1
0.14103,0,13.92,0,3,58,76.2,1,289,16,9.32,20.3
0.06466,70,2.24,0,4,20,82.278,4,358,14.8,19.8278,22.5
0.05561,70,2.24,0,5,10,87.278,2,358,14.8,16.8278,29
0.04417,70,2.24,0,4,47,99.278,3,358,14.8,8.8278,24.8
0.03537,34,6.09,0,4,40,72.917,1,329,16.1,25.4917,22
0.09266,34,6.09,0,4,18,58.917,4,329,16.1,23.4917,26.4
0.1,34,6.09,0,4,18,68.917,4,329,16.1,11.4917,33.1
0.05515,33,2.18,0,5,41,54.22,4,222,18.4,19.022,36.1
0.05479,33,2.18,0,4,58,51.7,1,222,18.4,8.37,28.4
0.07503,33,2.18,0,5,72,37.992,1,222,18.4,14.0992,33.4
0.04932,33,2.18,0,4,70,56.827,4,222,18.4,8.1827,28.2
0.49298,0,9.9,0,4,83,56.175,2,304,18.4,6.3175,22.8
0.3494,0,9.9,0,3,77,35.025,2,304,18.4,17.1025,20.3
2.63548,0,9.9,0,2,38,27.194,1,304,18.4,17.5194,16.1
0.79041,0,9.9,0,4,53,53.403,2,304,18.4,17.6403,22.1
0.26169,0,9.9,0,4,90,49.34,4,304,18.4,8.834,19.4
0.26938,0,9.9,0,4,83,40.628,4,304,18.4,8.2628,21.6
0.3692,0,9.9,0,4,87,38.023,2,304,18.4,19.6023,23.8
0.25356,0,9.9,0,3,78,51.45,3,304,18.4,12.945,16.2
0.31827,0,9.9,0,3,83,42.986,3,304,18.4,20.9986,17.8
0.24522,0,9.9,0,3,72,57.317,4,304,18.4,9.0317,19.8
0.40202,0,9.9,0,4,67,41.325,2,304,18.4,4.5325,23.1
0.47547,0,9.9,0,4,59,63.019,1,304,18.4,17.0019,21
0.1676,0,7.38,0,4,52,56.404,1,287,19.6,9.5404,23.8
0.18159,0,7.38,0,4,54,71.404,2,287,19.6,22.5404,23.1
0.35114,0,7.38,0,4,50,54.211,3,287,19.6,21.7211,20.4
0.28392,0,7.38,0,3,74,62.211,1,287,19.6,8.7211,18.5
0.34109,0,7.38,0,4,40,67.211,2,287,19.6,24.7211,25
0.19186,0,7.38,0,4,15,77.159,4,287,19.6,16.4159,24.6
0.30347,0,7.38,0,4,29,59.159,1,287,19.6,7.4159,23
0.24103,0,7.38,0,4,44,73.159,4,287,19.6,24.4159,22.2
0.06617,0,3.24,0,3,26,60.146,2,430,16.9,18.2146,19.3
0.06724,0,3.24,0,4,17,62.146,2,430,16.9,10.2146,22.6
0.04544,0,3.24,0,4,32,64.736,2,430,16.9,11.8736,19.8
0.05023,35,6.06,0,3,28,85.407,1,304,16.9,14.6407,17.1
0.03466,35,6.06,0,4,23,88.407,4,304,16.9,8.6407,19.4
0.05083,0,5.19,0,4,38,94.584,1,224,20.2,13.4584,22.2
0.03738,0,5.19,0,4,39,76.584,3,224,20.2,19.4584,20.7
0.03961,0,5.19,0,4,35,79.853,1,224,20.2,21.9853,21.1
0.03427,0,5.19,0,3,46,60.311,4,224,20.2,6.2311,19.5
0.03041,0,5.19,0,3,60,57.15,4,224,20.2,16.615,18.5
0.03306,0,5.19,0,4,37,54.122,4,224,20.2,20.8122,20.6
0.05497,0,5.19,0,3,45,62.122,2,224,20.2,18.8122,19
0.06151,0,5.19,0,3,59,72.122,2,224,20.2,6.8122,18.7
0.01301,35,1.52,0,5,49,89.379,2,284,15.5,25.0379,32.7
0.02498,0,1.89,0,4,60,81.669,1,422,15.9,12.2669,16.5
0.02543,55,3.78,0,4,56,81.321,1,370,17.6,15.7321,23.9
0.03049,55,3.78,0,4,28,76.654,1,370,17.6,21.4654,31.2
0.03113,0,4.39,0,4,49,107.136,4,352,18.8,22.0136,17.5
0.06162,0,4.39,0,3,52,95.136,3,352,18.8,23.0136,17.2
0.0187,85,4.15,0,4,28,93.353,1,351,17.9,9.5353,23.1
0.01501,80,2.01,0,4,30,94.44,1,280,17,28.344,24.5
0.02899,40,1.25,0,4,35,111.921,2,335,19.7,28.7921,26.6
0.06211,40,1.25,0,4,44,88.921,4,335,19.7,19.7921,22.9
0.0795,60,1.69,0,4,36,124.103,3,411,18.3,26.7103,24.1
0.07244,60,1.69,0,3,19,132.103,2,411,18.3,22.7103,18.6
0.01709,90,2.02,0,4,36,145.265,4,187,17,12.1265,30.1
0.04301,80,1.91,0,3,22,106.857,2,334,22,22.5857,18.2
0.10659,80,1.91,0,3,20,127.857,4,334,22,30.5857,20.6
8.98296,0,18.1,1,4,97,29.222,4,666,20.2,18.1222,17.8
3.8497,0,18.1,1,4,91,41.052,1,666,20.2,10.5052,21.7
5.20177,0,18.1,1,4,83,53.227,4,666,20.2,15.7227,22.7
4.26131,0,18.1,0,4,81,41.091,4,666,20.2,14.5091,22.6
4.54192,0,18.1,0,4,88,51.182,2,666,20.2,2.5182,25
3.83684,0,18.1,0,4,91,22.955,1,666,20.2,3.2955,19.9
3.67822,0,18.1,0,3,96,32.036,3,666,20.2,20.1036,20.8
4.22239,0,18.1,1,3,89,37.047,4,666,20.2,3.9047,16.8
3.47428,0,18.1,1,6,83,42.047,4,666,20.2,2.9047,21.9
4.55587,0,18.1,0,1,88,39.132,3,666,20.2,19.6132,27.5
3.69695,0,18.1,0,2,91,37.523,3,666,20.2,13.7523,21.9
13.5222,0,18.1,0,1,100,19.106,3,666,20.2,3.5106,23.1
4.89822,0,18.1,0,2,100,41.325,3,666,20.2,6.3325,50
5.66998,0,18.1,1,4,97,13.567,2,666,20.2,15.3567,50
6.53876,0,18.1,1,5,98,27.024,3,666,20.2,20.2024,50
9.2323,0,18.1,0,4,100,11.691,2,666,20.2,17.1691,50
8.26725,0,18.1,1,3,90,37.296,4,666,20.2,10.1296,50
11.1081,0,18.1,0,2,100,25.742,3,666,20.2,5.1742,13.8
18.4982,0,18.1,0,2,100,11.37,2,666,20.2,4.137,13.8
19.6091,0,18.1,0,5,98,24.163,4,666,20.2,7.3163,15
15.288,0,18.1,0,4,93,37.449,1,666,20.2,3.3449,13.9
9.82349,0,18.1,0,4,99,16.58,3,666,20.2,11.358,13.3
23.6482,0,18.1,0,4,96,23.861,4,666,20.2,1.3861,13.1
17.8667,0,18.1,0,4,100,33.861,1,666,20.2,2.3861,10.2
88.9762,0,18.1,0,4,92,17.165,1,666,20.2,18.4165,10.4
15.8744,0,18.1,0,4,99,34.192,2,666,20.2,1.5192,10.9
9.18702,0,18.1,0,3,100,39.804,3,666,20.2,21.5804,11.3
7.99248,0,18.1,0,3,100,21.331,1,666,20.2,14.5331,12.3
20.0849,0,18.1,0,2,91,20.395,2,666,20.2,19.4395,8.8
16.8118,0,18.1,0,3,98,44.261,2,666,20.2,7.4261,7.2
24.3938,0,18.1,0,2,100,44.672,1,666,20.2,12.4672,10.5
22.5971,0,18.1,0,2,90,36.184,1,666,20.2,8.5184,7.4
14.3337,0,18.1,0,2,100,33.895,1,666,20.2,20.5895,10.2
8.15174,0,18.1,0,3,99,31.281,3,666,20.2,7.7281,11.5
6.96215,0,18.1,0,3,97,41.265,2,666,20.2,21.9265,15.1
5.29305,0,18.1,0,4,83,28.678,2,666,20.2,12.1678,23.2
11.5779,0,18.1,0,3,97,21.7,4,666,20.2,6.77,9.7
8.64476,0,18.1,0,4,93,39.912,3,666,20.2,5.7912,13.8
13.3598,0,18.1,0,3,95,32.821,2,666,20.2,20.7821,12.7
8.71675,0,18.1,0,4,99,28.257,4,666,20.2,6.7257,13.1
5.87205,0,18.1,0,4,96,34.768,1,666,20.2,19.6768,12.5
7.67202,0,18.1,0,3,99,17.334,2,666,20.2,6.6334,8.5
38.3518,0,18.1,0,3,100,26.896,1,666,20.2,14.4896,5
9.91655,0,18.1,0,3,78,45.004,4,666,20.2,2.5004,6.3
25.0461,0,18.1,0,3,100,31.888,3,666,20.2,12.5888,5.6
14.2362,0,18.1,0,4,100,31.741,2,666,20.2,20.5741,7.2
9.59571,0,18.1,0,4,100,16.39,1,666,20.2,2.639,12.1
24.8017,0,18.1,0,3,96,27.028,4,666,20.2,11.7028,8.3
41.5292,0,18.1,0,3,85,25.074,2,666,20.2,21.6074,8.5
67.9208,0,18.1,0,3,100,19.254,2,666,20.2,3.4254,5
20.7162,0,18.1,0,2,100,22.781,1,666,20.2,3.1781,11.9
11.9511,0,18.1,0,3,100,16.852,4,666,20.2,11.2852,27.9
7.40389,0,18.1,0,3,98,33.547,2,666,20.2,14.4547,17.2
14.4383,0,18.1,0,4,100,19.655,3,666,20.2,9.4655,27.5
51.1358,0,18.1,0,3,100,19.13,3,666,20.2,15.413,15
14.0507,0,18.1,0,4,100,18.275,4,666,20.2,11.5275,17.2
18.811,0,18.1,0,2,100,16.539,3,666,20.2,16.5539,17.9
28.6558,0,18.1,0,3,100,28.894,4,666,20.2,12.5894,16.3
45.7461,0,18.1,0,2,100,43.582,2,666,20.2,13.6582,7
18.0846,0,18.1,0,4,100,24.347,1,666,20.2,1.8347,7.2
10.8342,0,18.1,0,4,91,20.195,4,666,20.2,7.8195,7.5
25.9406,0,18.1,0,3,89,22.475,4,666,20.2,14.6475,10.4
73.5341,0,18.1,0,3,100,33.026,3,666,20.2,6.8026,8.8
11.8123,0,18.1,0,4,77,42.94,4,666,20.2,17.794,8.4
11.0874,0,18.1,0,4,100,42.589,1,666,20.2,21.8589,16.7
7.02259,0,18.1,0,4,95,28.746,1,666,20.2,19.8746,14.2
12.0482,0,18.1,0,3,88,27.512,4,666,20.2,11.9512,20.8
7.05042,0,18.1,0,4,85,34.218,4,666,20.2,14.0218,13.4
8.79212,0,18.1,0,3,71,30.635,2,666,20.2,7.0635,11.7
15.8603,0,18.1,0,3,95,28.096,4,666,20.2,5.9096,8.3
12.2472,0,18.1,0,3,60,47.976,4,666,20.2,11.9976,10.2
37.6619,0,18.1,0,4,79,32.629,4,666,20.2,3.8629,10.9
7.36711,0,18.1,0,4,78,40.356,4,666,20.2,3.9356,11
9.33889,0,18.1,0,4,96,47.682,1,666,20.2,5.9682,9.5
8.49213,0,18.1,0,4,86,26.527,1,666,20.2,3.0527,14.5
10.0623,0,18.1,0,4,94,35.882,1,666,20.2,12.0882,14.1
6.44405,0,18.1,0,4,75,31.004,2,666,20.2,12.2004,16.1
5.58107,0,18.1,0,4,88,40.158,3,666,20.2,16.3158,14.3
13.9134,0,18.1,0,4,95,51.222,1,666,20.2,13.2222,11.7
11.1604,0,18.1,0,4,95,39.247,2,666,20.2,2.1247,13.4
14.4208,0,18.1,0,4,93,23.026,2,666,20.2,11.0026,9.6
15.1772,0,18.1,0,4,100,43.142,1,666,20.2,9.9142,8.7
13.6781,0,18.1,0,3,88,36.206,4,666,20.2,7.8206,8.4
9.39063,0,18.1,0,3,94,36.172,1,666,20.2,11.8172,12.8
22.0511,0,18.1,0,3,92,41.662,1,666,20.2,14.8662,10.5
9.72418,0,18.1,0,4,97,35.651,4,666,20.2,4.0651,17.1
5.66637,0,18.1,0,4,100,49.048,4,666,20.2,4.0048,18.4
9.96654,0,18.1,0,4,100,39.784,1,666,20.2,21.9784,15.4
12.8023,0,18.1,0,3,97,39.956,2,666,20.2,17.8956,10.8
10.6718,0,18.1,0,4,95,22.879,3,666,20.2,20.9879,11.8
6.28807,0,18.1,0,4,96,46.72,2,666,20.2,7.072,14.9
9.92485,0,18.1,0,4,97,37.98,3,666,20.2,15.198,12.6
9.32909,0,18.1,0,4,99,27.616,3,666,20.2,12.2616,14.1
7.52601,0,18.1,0,4,98,43.85,2,666,20.2,4.185,13
6.71772,0,18.1,0,4,93,52.236,4,666,20.2,6.3236,13.4
5.44114,0,18.1,0,4,98,51.552,1,666,20.2,10.3552,15.2
5.09017,0,18.1,0,4,92,29.682,4,666,20.2,15.3682,16.1
8.24809,0,18.1,0,5,99,40.527,1,666,20.2,21.4527,17.8
9.51363,0,18.1,0,4,94,51.961,4,666,20.2,9.4961,14.9
4.75237,0,18.1,0,4,87,53.358,3,666,20.2,3.4358,14.1
4.66883,0,18.1,0,3,88,30.806,4,666,20.2,22.5806,12.7
8.20058,0,18.1,0,3,80,36.792,2,666,20.2,22.7792,13.5
7.75223,0,18.1,0,4,84,27.831,1,666,20.2,5.7831,14.9
6.80117,0,18.1,0,4,84,49.175,4,666,20.2,20.7175,20
4.81213,0,18.1,0,4,90,52.975,2,666,20.2,3.5975,16.4
3.69311,0,18.1,0,4,88,46.671,2,666,20.2,21.5671,17.7
6.65492,0,18.1,0,4,83,31.344,4,666,20.2,15.7344,19.5
5.82115,0,18.1,0,4,90,30.016,2,666,20.2,7.8016,20.2
7.83932,0,18.1,0,4,65,34.634,3,666,20.2,4.9634,21.4
3.1636,0,18.1,0,3,48,51.665,3,666,20.2,10.0665,19.9
3.77498,0,18.1,0,3,85,48.715,3,666,20.2,3.8715,19
4.42228,0,18.1,0,4,95,26.403,1,666,20.2,21.5403,19.1
15.5757,0,18.1,0,3,71,55.084,2,666,20.2,3.9084,19.1
13.0751,0,18.1,0,3,57,53.237,4,666,20.2,8.8237,20.1
4.34879,0,18.1,0,4,84,52.334,1,666,20.2,7.0334,19.9
4.03841,0,18.1,0,4,91,43.993,1,666,20.2,23.0993,19.6
3.56868,0,18.1,0,4,75,47.965,2,666,20.2,16.8965,23.2
4.64689,0,18.1,0,4,68,33.329,2,666,20.2,6.5329,29.8
8.05579,0,18.1,0,3,95,43.298,1,666,20.2,11.4298,13.8
6.39312,0,18.1,0,4,97,27.06,1,666,20.2,10.206,13.3
4.87141,0,18.1,0,4,94,33.053,4,666,20.2,19.3053,16.7
15.0234,0,18.1,0,3,97,43.007,2,666,20.2,12.1007,12
10.233,0,18.1,0,4,97,35.705,2,666,20.2,18.1705,14.6
14.3337,0,18.1,0,4,88,43.512,3,666,20.2,4.9512,21.4
5.82401,0,18.1,0,4,65,58.242,1,666,20.2,6.4242,23
5.70818,0,18.1,0,4,75,45.317,3,666,20.2,16.3317,23.7
5.73116,0,18.1,0,5,77,50.106,4,666,20.2,12.4106,25
2.81838,0,18.1,0,3,40,54.983,2,666,20.2,14.0983,21.8
2.37857,0,18.1,0,3,42,58.24,4,666,20.2,10.724,20.6
3.67367,0,18.1,0,4,52,58.917,3,666,20.2,11.9917,21.2
5.69175,0,18.1,0,4,80,59.459,3,666,20.2,5.5459,19.1
4.83567,0,18.1,0,3,53,43.523,3,666,20.2,16.1523,20.6
0.15086,0,27.74,0,3,93,30.209,4,711,20.1,19.8209,15.2
0.18337,0,27.74,0,3,98,24.554,3,711,20.1,9.7554,7
0.20746,0,27.74,0,3,98,27.226,2,711,20.1,6.8226,8.1
0.10574,0,27.74,0,3,99,44.681,2,711,20.1,4.8681,13.6
0.11132,0,27.74,0,3,84,40.099,3,711,20.1,6.1099,20.1
0.17331,0,9.69,0,3,54,25.817,3,391,19.2,2.3817,21.8
0.27957,0,9.69,0,3,43,27.817,3,391,19.2,6.3817,24.5
0.17899,0,9.69,0,3,29,53.986,1,391,19.2,13.7986,23.1
0.2896,0,9.69,0,3,73,40.986,3,391,19.2,19.7986,19.7
0.26838,0,9.69,0,3,71,43.927,1,391,19.2,20.8927,18.3
0.23912,0,9.69,0,4,65,43.091,1,391,19.2,5.4091,21.2
0.17783,0,9.69,0,3,74,42.999,1,391,19.2,17.3999,17.5
0.22438,0,9.69,0,4,80,32.982,2,391,19.2,20.4982,16.8
0.06263,0,11.93,0,4,69,28.786,3,273,21,19.4786,22.4
0.04527,0,11.93,0,4,77,43.875,1,273,21,6.2875,20.6
0.06076,0,11.93,0,4,91,40.675,2,273,21,16.1675,23.9
0.10959,0,11.93,0,4,89,51.889,1,273,21,21.3889,22
0.04741,0,11.93,0,4,81,52.05,3,273,21,8.505,11.9
