GENDER,AGE,DEBT,MARRIED,BANK_CUSTOMER,EDUCATION_LEVEL,ETHNICITY,YEARS_EMPLOYED,PRIOR_DEFAULT,EMPLOYED,CITIZEN,ZIP_CODE,INCOME,APPROVED
1,30.83,0,0,1,w,v,1.25,1,1,1,00202,0,1
0,58.67,4.46,0,1,q,h,3.04,1,1,1,00043,560,1
0,24.50,0.5,0,1,q,h,1.5,1,0,1,00280,824,1
1,27.83,1.54,0,1,w,v,3.75,1,1,1,00100,3,1
1,20.17,5.625,0,1,w,v,1.71,1,0,0,00120,0,1
1,32.08,4,0,1,m,v,2.5,1,0,1,00360,0,1
1,33.17,1.04,0,1,r,h,6.5,1,0,1,00164,31285,1
0,22.92,11.585,0,1,cc,v,0.04,1,0,1,00080,1349,1
1,54.42,0.5,1,0,k,h,3.96,1,0,1,00180,314,1
1,42.50,4.915,1,0,w,v,3.165,1,0,1,00052,1442,1
1,22.08,0.83,0,1,c,h,2.165,0,0,1,00128,0,1
1,29.92,1.835,0,1,c,h,4.335,1,0,1,00260,200,1
0,38.25,6,0,1,k,v,1,1,0,1,00000,0,1
1,48.08,6.04,0,1,k,v,0.04,0,0,1,00000,2690,1
0,45.83,10.5,0,1,q,v,5,1,1,1,00000,0,1
1,36.67,4.415,1,0,k,v,0.25,1,1,1,00320,0,1
1,28.25,0.875,0,1,m,v,0.96,1,1,1,00396,0,1
0,23.25,5.875,0,1,q,v,3.17,1,1,1,00120,245,1
1,21.83,0.25,0,1,d,h,0.665,1,0,1,00000,0,1
0,19.17,8.585,0,1,cc,h,0.75,1,1,1,00096,0,1
1,25.00,11.25,0,1,c,v,2.5,1,1,1,00200,1208,1
1,23.25,1,0,1,c,v,0.835,1,0,0,00300,0,1
0,47.75,8,0,1,c,v,7.875,1,1,1,00000,1260,1
0,27.42,14.5,0,1,x,h,3.085,1,1,1,00120,11,1
0,41.17,6.5,0,1,q,v,0.5,1,1,1,00145,0,1
0,15.83,0.585,0,1,c,h,1.5,1,1,1,00100,0,1
0,47.00,13,0,1,i,bb,5.165,1,1,1,00000,0,1
1,56.58,18.5,0,1,d,bb,15,1,1,1,00000,0,1
1,57.42,8.5,0,1,e,h,7,1,1,1,00000,0,1
1,42.08,1.04,0,1,w,v,5,1,1,1,00500,10000,1
1,29.25,14.79,0,1,aa,v,5.04,1,1,1,00168,0,1
1,42.00,9.79,0,1,x,h,7.96,1,1,1,00000,0,1
1,49.50,7.585,0,1,i,bb,7.585,1,1,1,00000,5000,1
0,36.75,5.125,0,1,e,v,5,1,0,1,00000,4000,1
0,22.58,10.75,0,1,q,v,0.415,1,1,1,00000,560,1
1,27.83,1.5,0,1,w,v,2,1,1,1,00434,35,1
1,27.25,1.585,0,1,cc,h,1.835,1,1,1,00583,713,1
0,23.00,11.75,0,1,x,h,0.5,1,1,1,00300,551,1
1,27.75,0.585,1,0,cc,v,0.25,1,1,1,00260,500,1
1,54.58,9.415,0,1,ff,ff,14.415,1,1,1,00030,300,1
1,34.17,9.17,0,1,c,v,4.5,1,1,1,00000,221,1
1,28.92,15,0,1,c,h,5.335,1,1,1,00000,2283,1
1,29.67,1.415,0,1,w,h,0.75,1,1,1,00240,100,1
1,39.58,13.915,0,1,w,v,8.625,1,1,1,00070,0,1
1,56.42,28,1,0,c,v,28.5,1,1,1,00000,15,1
1,54.33,6.75,0,1,c,h,2.625,1,1,1,00000,284,1
0,41.00,2.04,1,0,q,h,0.125,1,1,1,00455,1236,1
1,31.92,4.46,0,1,cc,h,6.04,1,1,1,00311,300,1
1,41.50,1.54,0,1,i,bb,3.5,0,0,1,00216,0,1
1,23.92,0.665,0,1,c,v,0.165,0,0,1,00100,0,1
0,25.75,0.5,0,1,c,h,0.875,1,0,1,00491,0,1
1,26.00,1,0,1,q,v,1.75,1,0,1,00280,0,1
1,37.42,2.04,0,1,w,v,0.04,1,0,1,00400,5800,1
1,34.92,2.5,0,1,w,v,0,1,0,1,00239,200,1
1,34.25,3,0,1,cc,h,7.415,1,0,1,00000,0,1
1,23.33,11.625,1,0,w,v,0.835,1,0,1,00160,300,1
1,23.17,0,0,1,cc,v,0.085,1,0,1,00000,0,1
1,44.33,0.5,0,1,i,h,5,1,0,1,00320,0,1
1,35.17,4.5,0,1,x,h,5.75,0,0,0,00711,0,1
1,43.25,3,0,1,q,h,6,1,1,1,00080,0,1
1,56.75,12.25,0,1,m,v,1.25,1,1,1,00200,0,1
1,31.67,16.165,0,1,d,v,3,1,1,1,00250,730,1
0,23.42,0.79,1,0,q,v,1.5,1,1,1,00080,400,1
0,20.42,0.835,0,1,q,v,1.585,1,1,1,00000,0,1
1,26.67,4.25,0,1,cc,v,4.29,1,1,1,00120,0,1
1,34.17,1.54,0,1,cc,v,1.54,1,1,1,00520,50000,1
0,36.00,1,0,1,c,v,2,1,1,1,00000,456,1
1,25.50,0.375,0,1,m,v,0.25,1,1,1,00260,15108,1
1,19.42,6.5,0,1,w,h,1.46,1,1,1,00080,2954,1
1,35.17,25.125,0,1,x,h,1.625,1,1,1,00515,500,1
1,32.33,7.5,0,1,e,bb,1.585,1,0,0,00420,0,0
1,34.83,4,0,1,d,bb,12.5,1,0,1,?,0,0
0,38.58,5,0,1,cc,v,13.5,1,0,1,00980,0,0
1,44.25,0.5,0,1,m,v,10.75,1,0,0,00400,0,0
1,44.83,7,1,0,c,v,1.625,0,0,1,00160,2,0
1,20.67,5.29,0,1,q,v,0.375,1,1,1,00160,0,0
1,34.08,6.5,0,1,aa,v,0.125,1,0,1,00443,0,0
0,19.17,0.585,1,0,aa,v,0.585,1,0,1,00160,0,0
1,21.67,1.165,1,0,k,v,2.5,1,1,1,00180,20,0
1,21.50,9.75,0,1,c,v,0.25,1,0,1,00140,0,0
1,49.58,19,0,1,ff,ff,0,1,1,1,00094,0,0
0,27.67,1.5,0,1,m,v,2,1,0,0,00368,0,0
1,39.83,0.5,0,1,m,v,0.25,1,0,0,00288,0,0
0,?,3.5,0,1,d,v,3,1,0,1,00300,0,0
1,27.25,0.625,0,1,aa,v,0.455,1,0,1,00200,0,0
1,37.17,4,0,1,c,bb,5,1,0,0,00280,0,0
1,?,0.375,0,1,d,v,0.875,1,0,0,00928,0,0
1,25.67,2.21,1,0,aa,v,4,1,0,1,00188,0,0
1,34.00,4.5,0,1,aa,v,1,1,0,1,00240,0,0
0,49.00,1.5,0,1,j,j,0,1,0,1,00100,27,0
1,62.50,12.75,1,0,c,h,5,1,0,1,00112,0,0
1,31.42,15.5,0,1,c,v,0.5,1,0,1,00120,0,0
1,?,5,1,0,aa,v,8.5,1,0,1,00000,0,0
1,52.33,1.375,1,0,c,h,9.46,1,0,1,00200,100,0
1,28.75,1.5,1,0,c,v,1.5,1,0,1,00000,225,0
0,28.58,3.54,0,1,i,bb,0.5,1,0,1,00171,0,0
1,23.00,0.625,1,0,aa,v,0.125,1,0,1,00180,1,0
1,?,0.5,0,1,c,bb,0.835,1,0,0,00320,0,0
0,22.50,11,1,0,q,v,3,1,0,1,00268,0,0
0,28.50,1,0,1,q,v,1,1,1,1,00167,500,0
1,37.50,1.75,1,0,c,bb,0.25,1,0,1,00164,400,0
1,35.25,16.5,1,0,c,v,4,1,0,1,00080,0,0
1,18.67,5,0,1,q,v,0.375,1,1,1,00000,38,0
1,25.00,12,0,1,k,v,2.25,1,1,1,00120,5,0
1,27.83,4,1,0,i,h,5.75,1,1,1,00075,0,0
1,54.83,15.5,0,1,e,z,0,1,1,1,00152,130,0
1,28.75,1.165,0,1,k,v,0.5,1,0,0,00280,0,0
0,25.00,11,1,0,aa,v,4.5,1,0,1,00120,0,0
1,40.92,2.25,1,0,x,h,10,1,0,1,00176,0,0
0,19.75,0.75,0,1,c,v,0.795,1,1,1,00140,5,0
1,29.17,3.5,0,1,w,v,3.5,1,1,1,00329,0,0
0,24.50,1.04,1,0,ff,ff,0.5,1,1,1,00180,147,0
1,24.58,12.5,0,1,w,v,0.875,1,0,1,00260,0,0
0,33.75,0.75,0,1,k,bb,1,1,1,1,00212,0,0
1,20.67,1.25,1,0,c,h,1.375,1,1,1,00140,210,0
0,25.42,1.125,0,1,q,v,1.29,1,1,1,00200,0,0
1,37.75,7,0,1,q,h,11.5,1,1,1,00300,5,0
1,52.50,6.5,0,1,k,v,6.29,1,1,1,00000,11202,1
1,57.83,7.04,0,1,m,v,14,1,1,1,00360,1332,1
0,20.75,10.335,0,1,cc,h,0.335,1,1,1,00080,50,1
1,39.92,6.21,0,1,q,v,0.04,1,1,1,00200,300,1
1,25.67,12.5,0,1,cc,v,1.21,1,1,1,00140,258,1
0,24.75,12.5,0,1,aa,v,1.5,1,1,1,00120,567,1
0,44.17,6.665,0,1,q,v,7.375,1,1,1,00000,0,1
0,23.50,9,0,1,q,v,8.5,1,1,1,00120,0,1
1,34.92,5,0,1,x,h,7.5,1,1,1,00000,1000,1
1,47.67,2.5,0,1,m,bb,2.5,1,1,1,00410,2510,1
1,22.75,11,0,1,q,v,2.5,1,1,1,00100,809,1
1,34.42,4.25,0,1,i,bb,3.25,1,1,1,00274,610,1
0,28.42,3.5,0,1,w,v,0.835,1,0,0,00280,0,1
1,67.75,5.5,0,1,e,z,13,1,1,1,00000,0,1
1,20.42,1.835,0,1,c,v,2.25,1,1,1,00100,150,1
0,47.42,8,0,1,e,bb,6.5,1,1,1,00375,51100,1
1,36.25,5,0,1,c,bb,2.5,1,1,1,00000,367,1
1,32.67,5.5,0,1,q,h,5.5,1,1,1,00408,1000,1
1,48.58,6.5,0,1,q,h,6,1,0,1,00350,0,1
1,39.92,0.54,1,0,aa,v,0.5,1,1,1,00200,1000,1
1,33.58,2.75,0,1,m,v,4.25,1,1,1,00204,0,1
0,18.83,9.5,0,1,w,v,1.625,1,1,1,00040,600,1
0,26.92,13.5,0,1,q,h,5,1,1,1,00000,5000,1
0,31.25,3.75,0,1,cc,h,0.625,1,1,1,00181,0,1
0,56.50,16,0,1,j,ff,0,1,1,1,00000,247,1
1,43.00,0.29,1,0,cc,h,1.75,1,1,1,00100,375,1
1,22.33,11,0,1,w,v,2,1,1,1,00080,278,1
1,27.25,1.665,0,1,cc,h,5.085,1,1,1,00399,827,1
1,32.83,2.5,0,1,cc,h,2.75,1,1,1,00160,2072,1
1,23.25,1.5,0,1,q,v,2.375,1,1,1,00000,582,1
0,40.33,7.54,1,0,q,h,8,1,1,1,00000,2300,1
0,30.50,6.5,0,1,c,bb,4,1,1,1,00000,3065,1
0,52.83,15,0,1,c,v,5.5,1,1,1,00000,2200,1
0,46.67,0.46,0,1,cc,h,0.415,1,1,1,00440,6,1
0,58.33,10,0,1,q,v,4,1,1,1,00000,1602,1
1,37.33,6.5,0,1,m,h,4.25,1,1,1,00093,0,1
1,23.08,2.5,0,1,c,v,1.085,1,1,1,00060,2184,1
1,32.75,1.5,0,1,cc,h,5.5,1,1,1,00000,0,1
0,21.67,11.5,1,0,j,j,0,1,1,1,00000,0,1
0,28.50,3.04,1,0,x,h,2.54,1,1,1,00070,0,1
0,68.67,15,0,1,e,z,0,1,1,1,00000,3376,1
1,28.00,2,0,1,k,h,4.165,1,1,1,00181,0,1
1,34.08,0.08,1,0,m,bb,0.04,1,1,1,00280,2000,1
1,27.67,2,0,1,x,h,1,1,1,1,00140,7544,1
1,44.00,2,0,1,m,v,1.75,1,1,1,00000,15,1
1,25.08,1.71,0,1,x,v,1.665,1,1,1,00395,20,1
1,32.00,1.75,1,0,e,h,0.04,1,0,1,00393,0,1
0,60.58,16.5,0,1,q,v,11,1,0,1,00021,10561,1
0,40.83,10,0,1,q,h,1.75,1,0,1,00029,837,1
1,19.33,9.5,0,1,q,v,1,1,0,1,00060,400,1
0,32.33,0.54,0,1,cc,v,0.04,1,0,1,00440,11177,1
1,36.67,3.25,0,1,q,h,9,1,0,1,00102,639,1
1,37.50,1.125,1,0,d,v,1.5,0,0,1,00431,0,1
0,25.08,2.54,1,0,aa,v,0.25,1,0,1,00370,0,1
1,41.33,0,0,1,c,bb,15,1,0,1,00000,0,1
1,56.00,12.5,0,1,k,h,8,1,0,1,00024,2028,1
0,49.83,13.585,0,1,k,h,8.5,1,0,1,00000,0,1
1,22.67,10.5,0,1,q,h,1.335,1,0,1,00100,0,1
1,27.00,1.5,1,0,w,v,0.375,1,0,1,00260,1065,1
1,25.00,12.5,0,1,aa,v,3,1,0,0,00020,0,1
0,26.08,8.665,0,1,aa,v,1.415,1,0,1,00160,150,1
0,18.42,9.25,0,1,q,v,1.21,1,1,1,00060,540,1
1,20.17,8.17,0,1,aa,v,1.96,1,1,1,00060,158,1
1,47.67,0.29,0,1,c,bb,15,1,1,1,00000,15000,1
0,21.25,2.335,0,1,i,bb,0.5,1,1,0,00080,0,1
0,20.67,3,0,1,q,v,0.165,1,1,1,00100,6,1
0,57.08,19.5,0,1,c,v,5.5,1,1,1,00000,3000,1
0,22.42,5.665,0,1,q,v,2.585,1,1,1,00129,3257,1
1,48.75,8.5,0,1,c,h,12.5,1,1,1,00181,1655,1
1,40.00,6.5,0,1,aa,bb,3.5,1,1,1,00000,500,1
1,40.58,5,0,1,c,v,5,1,1,1,00000,3065,1
0,28.67,1.04,0,1,c,v,2.5,1,1,1,00300,1430,1
0,33.08,4.625,0,1,q,h,1.625,1,1,1,00000,0,1
1,21.33,10.5,0,1,c,v,3,1,0,1,00000,0,1
1,42.00,0.205,0,1,i,h,5.125,1,0,1,00400,0,1
1,41.75,0.96,0,1,x,v,2.5,1,0,1,00510,600,1
1,22.67,1.585,1,0,w,v,3.085,1,1,1,00080,0,1
1,34.50,4.04,1,0,i,bb,8.5,1,1,1,00195,0,1
1,28.25,5.04,1,0,c,bb,1.5,1,1,1,00144,7,1
1,33.17,3.165,1,0,x,v,3.165,1,1,1,00380,0,1
1,48.17,7.625,0,1,w,h,15.5,1,1,1,00000,790,1
1,27.58,2.04,1,0,aa,v,2,1,1,1,00370,560,1
1,22.58,10.04,0,1,x,v,0.04,1,1,1,00060,396,1
0,24.08,0.5,0,1,q,h,1.25,1,1,1,00000,678,1
0,41.33,1,0,1,i,bb,2.25,1,0,1,00000,300,1
1,24.83,2.75,0,1,c,v,2.25,1,1,1,?,600,1
0,20.75,10.25,0,1,q,v,0.71,1,1,1,00049,0,1
1,36.33,2.125,1,0,w,v,0.085,1,1,1,00050,1187,1
0,35.42,12,0,1,q,h,14,1,1,1,00000,6590,1
0,71.58,0,?,?,?,?,0,0,0,p,?,0,1
1,28.67,9.335,0,1,q,h,5.665,1,1,1,00381,168,1
1,35.17,2.5,0,1,k,v,4.5,1,1,1,00150,1270,1
1,39.50,4.25,0,1,c,bb,6.5,1,1,1,00117,1210,1
1,39.33,5.875,0,1,cc,h,10,1,1,1,00399,0,1
1,24.33,6.625,1,0,d,v,5.5,1,0,0,00100,0,1
1,60.08,14.5,0,1,ff,ff,18,1,1,1,00000,1000,1
1,23.08,11.5,0,1,i,v,3.5,1,1,1,00056,742,1
1,26.67,2.71,1,0,cc,v,5.25,1,1,1,00211,0,1
1,48.17,3.5,0,1,aa,v,3.5,1,0,0,00230,0,1
1,41.17,4.04,0,1,cc,h,7,1,1,1,00320,0,1
1,55.92,11.5,0,1,ff,ff,5,1,1,1,00000,8851,1
1,53.92,9.625,0,1,e,v,8.665,1,1,1,00000,0,1
0,18.92,9.25,1,0,c,v,1,1,1,1,00080,500,1
0,50.08,12.54,0,1,aa,v,2.29,1,1,1,00156,0,1
1,65.42,11,0,1,e,z,20,1,1,1,00022,0,1
0,17.58,9,0,1,aa,v,1.375,1,0,1,00000,0,1
0,18.83,9.54,0,1,aa,v,0.085,1,0,1,00100,0,1
0,37.75,5.5,0,1,q,v,0.125,1,0,1,00228,0,1
1,23.25,4,0,1,c,bb,0.25,1,0,1,00160,0,1
1,18.08,5.5,0,1,k,v,0.5,1,0,1,00080,0,1
0,22.50,8.46,1,0,x,v,2.46,0,0,1,00164,0,1
1,19.67,0.375,0,1,q,v,2,1,1,1,00080,0,1
1,22.08,11,0,1,cc,v,0.665,1,0,1,00100,0,1
1,25.17,3.5,0,1,cc,v,0.625,1,1,1,00000,7059,1
0,47.42,3,0,1,x,v,13.875,1,1,1,00519,1704,1
1,33.50,1.75,0,1,x,h,4.5,1,1,1,00253,857,1
1,27.67,13.75,0,1,w,v,5.75,1,0,1,00487,500,1
0,58.42,21,0,1,i,bb,10,1,1,1,00000,6700,1
0,20.67,1.835,0,1,q,v,2.085,1,1,1,00220,2503,1
1,26.17,0.25,0,1,i,bb,0,1,0,1,00000,0,1
1,21.33,7.5,0,1,aa,v,1.415,1,1,1,00080,9800,1
1,42.83,4.625,0,1,q,v,4.58,1,0,0,00000,0,1
1,38.17,10.125,0,1,x,v,2.5,1,1,1,00520,196,1
1,20.50,10,1,0,c,v,2.5,1,0,0,00040,0,1
1,48.25,25.085,0,1,w,v,1.75,1,1,1,00120,14,1
1,28.33,5,0,1,w,v,11,1,0,1,00070,0,1
0,18.75,7.5,0,1,q,v,2.71,1,1,1,?,26726,1
1,18.50,2,0,1,i,v,1.5,1,1,1,00120,300,1
1,33.17,3.04,1,0,c,h,2.04,1,1,1,00180,18027,1
1,45.00,8.5,0,1,cc,h,14,1,1,1,00088,2000,1
0,19.67,0.21,0,1,q,h,0.29,1,1,1,00080,99,1
?,24.50,12.75,0,1,c,bb,4.75,1,1,1,00073,444,1
1,21.83,11,0,1,x,v,0.29,1,1,1,00121,0,1
1,40.25,21.5,0,1,e,z,20,1,1,1,00000,1200,1
1,41.42,5,0,1,q,h,5,1,1,1,00470,0,1
0,17.83,11,0,1,x,h,1,1,1,1,00000,3000,1
1,23.17,11.125,0,1,x,h,0.46,1,1,1,00100,0,1
1,?,0.625,0,1,k,v,0.25,0,0,1,00380,2010,0
1,18.17,10.25,0,1,c,h,1.085,0,0,1,00320,13,0
1,20.00,11.045,0,1,c,v,2,0,0,1,00136,0,0
1,20.00,0,0,1,d,v,0.5,0,0,1,00144,0,0
0,20.75,9.54,0,1,i,v,0.04,0,0,1,00200,1000,0
0,24.50,1.75,1,0,c,v,0.165,0,0,1,00132,0,0
1,32.75,2.335,0,1,d,h,5.75,0,0,1,00292,0,0
0,52.17,0,1,0,ff,ff,0,0,0,1,00000,0,0
0,48.17,1.335,0,1,i,o,0.335,0,0,1,00000,120,0
0,20.42,10.5,1,0,x,h,0,0,0,1,00154,32,0
1,50.75,0.585,0,1,ff,ff,0,0,0,1,00145,0,0
1,17.08,0.085,1,0,c,v,0.04,0,0,1,00140,722,0
1,18.33,1.21,1,0,e,dd,0,0,0,1,00100,0,0
0,32.00,6,0,1,d,v,1.25,0,0,1,00272,0,0
1,59.67,1.54,0,1,q,v,0.125,1,0,1,00260,0,1
1,18.00,0.165,0,1,q,n,0.21,0,0,1,00200,40,1
1,37.58,0,?,?,?,?,0,0,0,p,?,0,1
1,32.33,2.5,0,1,c,v,1.25,0,0,1,00280,0,0
1,18.08,6.75,1,0,m,v,0.04,0,0,1,00140,0,0
1,38.25,10.125,1,0,k,v,0.125,0,0,1,00160,0,0
1,30.67,2.5,0,1,cc,h,2.25,0,0,0,00340,0,0
1,18.58,5.71,0,1,d,v,0.54,0,0,1,00120,0,0
0,19.17,5.415,0,1,i,h,0.29,0,0,1,00080,484,0
0,18.17,10,1,0,q,h,0.165,0,0,1,00340,0,0
1,24.58,13.5,1,0,ff,ff,0,0,0,1,?,0,0
1,16.25,0.835,0,1,m,v,0.085,1,0,0,00200,0,0
1,21.17,0.875,1,0,c,h,0.25,0,0,1,00280,204,0
1,23.92,0.585,1,0,cc,h,0.125,0,0,1,00240,1,0
1,17.67,4.46,0,1,c,v,0.25,0,0,0,00080,0,0
0,16.50,1.25,0,1,q,v,0.25,0,1,1,00108,98,0
1,23.25,12.625,0,1,c,v,0.125,0,1,1,00000,5552,0
1,17.58,10,0,1,w,h,0.165,0,1,1,00120,1,0
0,?,1.5,0,1,ff,ff,0,0,1,1,00200,105,0
1,29.50,0.58,0,1,w,v,0.29,0,1,1,00340,2803,0
1,18.83,0.415,1,0,c,v,0.165,0,1,1,00200,1,0
0,21.75,1.75,1,0,j,j,0,0,0,1,00160,0,0
1,23.00,0.75,0,1,m,v,0.5,0,0,0,00320,0,0
0,18.25,10,0,1,w,v,1,0,1,1,00120,1,0
1,25.42,0.54,0,1,w,v,0.165,0,1,1,00272,444,0
1,35.75,2.415,0,1,w,v,0.125,0,1,1,00220,1,0
0,16.08,0.335,0,1,ff,ff,0,0,1,1,00160,126,0
0,31.92,3.125,0,1,ff,ff,3.04,0,1,1,00200,4,0
1,69.17,9,0,1,ff,ff,4,0,1,1,00070,6,0
1,32.92,2.5,0,1,aa,v,1.75,0,1,1,00720,0,0
1,16.33,2.75,0,1,aa,v,0.665,0,1,1,00080,21,0
1,22.17,12.125,0,1,c,v,3.335,0,1,1,00180,173,0
0,57.58,2,0,1,ff,ff,6.5,0,1,1,00000,10,0
1,18.25,0.165,0,1,d,v,0.25,0,0,0,00280,0,0
1,23.42,1,0,1,c,v,0.5,0,0,0,00280,0,0
0,15.92,2.875,0,1,q,v,0.085,0,0,1,00120,0,0
0,24.75,13.665,0,1,q,h,1.5,0,0,1,00280,1,0
1,48.75,26.335,1,0,ff,ff,0,1,0,1,00000,0,0
1,23.50,2.75,0,1,ff,ff,4.5,0,0,1,00160,25,0
1,18.58,10.29,0,1,ff,ff,0.415,0,0,1,00080,0,0
1,27.75,1.29,0,1,k,h,0.25,0,0,0,00140,0,0
0,31.75,3,1,0,j,j,0,0,0,1,00160,20,0
0,24.83,4.5,0,1,w,v,1,0,0,1,00360,6,0
1,19.00,1.75,1,0,c,v,2.335,0,0,1,00112,6,0
0,16.33,0.21,0,1,aa,v,0.125,0,0,1,00200,1,0
0,18.58,10,0,1,d,v,0.415,0,0,1,00080,42,0
1,16.25,0,1,0,aa,v,0.25,0,0,1,00060,0,0
1,23.00,0.75,0,1,m,v,0.5,1,0,0,00320,0,0
1,21.17,0.25,1,0,c,h,0.25,0,0,1,00280,204,0
1,17.50,22,l,11,ff,o,0,0,0,p,00450,100000,1
1,19.17,0,1,0,m,bb,0,0,0,0,00500,1,1
1,36.75,0.125,1,0,c,v,1.5,0,0,1,00232,113,1
1,21.25,1.5,0,1,w,v,1.5,0,0,1,00150,8,1
0,18.08,0.375,l,11,cc,ff,10,0,0,0,00300,0,1
0,33.67,0.375,0,1,cc,v,0.375,0,0,1,00300,44,1
1,48.58,0.205,1,0,k,v,0.25,1,1,1,00380,2732,1
1,33.67,1.25,0,1,w,v,1.165,0,0,1,00120,0,0
0,29.50,1.085,1,0,x,v,1,0,0,1,00280,13,0
1,30.17,1.085,1,0,c,v,0.04,0,0,1,00170,179,0
?,40.83,3.5,0,1,i,bb,0.5,0,0,0,01160,0,0
1,34.83,2.5,1,0,w,v,3,0,0,0,00200,0,0
1,?,4,1,0,i,v,0.085,0,0,1,00411,0,0
1,20.42,0,?,?,?,?,0,0,0,p,?,0,0
0,33.25,2.5,1,0,c,v,2.5,0,0,1,00000,2,0
1,34.08,2.5,0,1,c,v,1,0,0,1,00460,16,0
0,25.25,12.5,0,1,d,v,1,0,0,1,00180,1062,0
1,34.75,2.5,0,1,cc,bb,0.5,0,0,1,00348,0,0
1,27.67,0.75,0,1,q,h,0.165,0,0,1,00220,251,0
1,47.33,6.5,0,1,c,v,1,0,0,1,00000,228,0
0,34.83,1.25,1,0,i,h,0.5,0,0,1,00160,0,0
0,33.25,3,1,0,aa,v,2,0,0,1,00180,0,0
1,28.00,3,0,1,w,v,0.75,0,0,1,00300,67,0
0,39.08,4,0,1,c,v,3,0,0,1,00480,0,0
1,42.75,4.085,0,1,aa,v,0.04,0,0,1,00108,100,0
1,26.92,2.25,0,1,i,bb,0.5,0,0,1,00640,4000,0
1,33.75,2.75,0,1,i,bb,0,0,0,1,00180,0,0
1,38.92,1.75,0,1,k,v,0.5,0,0,1,00300,2,0
1,62.75,7,0,1,e,z,0,0,0,1,00000,12,0
?,32.25,1.5,0,1,c,v,0.25,0,0,1,00372,122,0
1,26.75,4.5,1,0,c,bb,2.5,0,0,1,00200,1210,0
1,63.33,0.54,0,1,c,v,0.585,1,1,1,00180,0,0
1,27.83,1.5,0,1,w,v,2.25,0,1,1,00100,3,0
0,26.17,2,0,1,j,j,0,0,0,1,00276,1,0
1,22.17,0.585,1,0,ff,ff,0,0,0,1,00100,0,0
1,22.50,11.5,1,0,m,v,1.5,0,0,1,00000,4000,0
1,30.75,1.585,0,1,d,v,0.585,0,0,0,00000,0,0
1,36.67,2,0,1,i,v,0.25,0,0,1,00221,0,0
0,16.00,0.165,0,1,aa,v,1,0,1,1,00320,1,0
1,41.17,1.335,0,1,d,v,0.165,0,0,1,00168,0,0
0,19.50,0.165,0,1,q,v,0.04,0,0,1,00380,0,0
1,32.42,3,0,1,d,v,0.165,0,0,1,00120,0,0
0,36.75,4.71,0,1,ff,ff,0,0,0,1,00160,0,0
0,30.25,5.5,0,1,k,v,5.5,0,0,0,00100,0,0
1,23.08,2.5,0,1,ff,ff,0.085,0,0,1,00100,4208,0
1,26.83,0.54,0,1,k,ff,0,0,0,1,00100,0,0
1,16.92,0.335,1,0,k,v,0.29,0,0,0,00200,0,0
1,24.42,2,0,1,e,dd,0.165,0,1,1,00320,1300,0
1,42.83,1.25,0,1,m,v,13.875,0,1,1,00352,112,0
0,22.75,6.165,0,1,aa,v,0.165,0,0,1,00220,1000,0
1,39.42,1.71,1,0,m,v,0.165,0,0,0,00400,0,0
0,23.58,11.5,1,0,k,h,3,0,0,1,00020,16,0
1,21.42,0.75,1,0,r,n,0.75,0,0,1,00132,2,0
1,33.00,2.5,1,0,w,v,7,0,0,1,00280,0,0
1,26.33,13,0,1,e,dd,0,0,0,1,00140,1110,0
0,45.00,4.585,0,1,k,h,1,0,0,0,00240,0,0
1,26.25,1.54,0,1,w,v,0.125,0,0,1,00100,0,0
?,28.17,0.585,0,1,aa,v,0.04,0,0,1,00260,1004,0
0,20.83,0.5,1,0,e,dd,1,0,0,1,00260,0,0
1,28.67,14.5,0,1,d,v,0.125,0,0,1,00000,286,0
1,20.67,0.835,1,0,c,v,2,0,0,0,00240,0,0
1,34.42,1.335,0,1,i,bb,0.125,0,0,1,00440,4500,0
1,33.58,0.25,0,1,i,bb,4,0,0,0,00420,0,0
1,43.17,5,0,1,i,bb,2.25,0,0,1,00141,0,0
0,22.67,7,0,1,c,v,0.165,0,0,1,00160,0,0
0,24.33,2.5,1,0,i,bb,4.5,0,0,1,00200,456,0
0,56.83,4.25,1,0,ff,ff,5,0,0,1,00000,4,0
1,22.08,11.46,0,1,k,v,1.585,0,0,1,00100,1212,0
1,34.00,5.5,1,0,c,v,1.5,0,0,1,00060,0,0
1,22.58,1.5,1,0,aa,v,0.54,0,0,1,00120,67,0
1,21.17,0,0,1,c,v,0.5,0,0,0,00000,0,0
1,26.67,14.585,0,1,i,bb,0,0,0,1,00178,0,0
1,22.92,0.17,0,1,m,v,0.085,0,0,0,00000,0,0
1,15.17,7,0,1,e,v,1,0,0,1,00600,0,0
1,39.92,5,0,1,i,bb,0.21,0,0,1,00550,0,0
1,27.42,12.5,0,1,aa,bb,0.25,0,0,1,00720,0,0
1,24.75,0.54,0,1,m,v,1,0,0,1,00120,1,0
1,41.17,1.25,1,0,w,v,0.25,0,0,1,00000,195,0
0,33.08,1.625,0,1,d,v,0.54,0,0,1,00000,0,0
1,29.83,2.04,1,0,x,h,0.04,0,0,1,00128,1,0
0,23.58,0.585,1,0,ff,ff,0.125,0,0,1,00120,87,0
1,26.17,12.5,1,0,k,h,1.25,0,0,1,00000,17,0
1,31.00,2.085,0,1,c,v,0.085,0,0,1,00300,0,0
1,20.75,5.085,1,0,j,v,0.29,0,0,1,00140,184,0
1,28.92,0.375,0,1,c,v,0.29,0,0,1,00220,140,0
0,51.92,6.5,0,1,i,bb,3.085,0,0,1,00073,0,0
0,22.67,0.335,0,1,q,v,0.75,0,0,0,00160,0,0
1,34.00,5.085,1,0,i,bb,1.085,0,0,1,00480,0,0
0,69.50,6,0,1,ff,ff,0,0,0,0,00000,0,0
0,40.33,8.125,1,0,k,v,0.165,0,1,1,?,18,0
0,19.58,0.665,1,0,c,v,1,0,1,1,02000,2,0
1,16.00,3.125,0,1,w,v,0.085,0,1,1,00000,6,0
1,17.08,0.25,0,1,q,v,0.335,0,1,1,00160,8,0
1,31.25,2.835,0,1,ff,ff,0,0,1,1,00176,146,0
1,25.17,3,0,1,c,v,1.25,0,1,1,00000,22,0
0,22.67,0.79,0,1,i,v,0.085,0,0,1,00144,0,0
1,40.58,1.5,0,1,i,bb,0,0,0,0,00300,0,0
1,22.25,0.46,0,1,k,v,0.125,0,0,1,00280,55,0
0,22.25,1.25,1,0,ff,ff,3.25,0,0,1,00280,0,0
1,22.50,0.125,1,0,k,v,0.125,0,0,1,00200,70,0
1,23.58,1.79,0,1,c,v,0.54,0,0,1,00136,1,0
1,38.42,0.705,0,1,c,v,0.375,0,1,1,00225,500,0
0,26.58,2.54,1,0,ff,ff,0,0,0,1,00180,60,0
1,35.00,2.5,0,1,i,v,1,0,0,1,00210,0,0
1,20.42,1.085,0,1,q,v,1.5,0,0,1,00108,7,0
1,29.42,1.25,0,1,w,v,1.75,0,0,1,00200,0,0
1,26.17,0.835,0,1,cc,v,1.165,0,0,1,00100,0,0
1,33.67,2.165,0,1,c,v,1.5,0,0,p,00120,0,0
1,24.58,1.25,0,1,c,v,0.25,0,0,1,00110,0,0
0,27.67,2.04,0,1,w,v,0.25,0,0,1,00180,50,0
1,37.50,0.835,0,1,e,v,0.04,0,0,1,00120,5,0
1,49.17,2.29,0,1,ff,ff,0.29,0,0,1,00200,3,0
1,33.58,0.335,1,0,cc,v,0.085,0,0,1,00180,0,0
1,51.83,3,1,0,ff,ff,1.5,0,0,1,00180,4,0
1,22.92,3.165,1,0,c,v,0.165,0,0,1,00160,1058,0
1,21.83,1.54,0,1,k,v,0.085,0,0,1,00356,0,0
1,25.25,1,0,1,aa,v,0.5,0,0,1,00200,0,0
1,58.58,2.71,0,1,c,v,2.415,0,0,1,00320,0,0
1,19.00,0,1,0,ff,ff,0,0,1,1,00045,1,0
1,19.58,0.585,0,1,ff,ff,0,0,1,1,00350,769,0
0,53.33,0.165,0,1,ff,ff,0,0,0,0,00062,27,0
0,27.17,1.25,0,1,ff,ff,0,0,1,1,00092,300,0
1,25.92,0.875,0,1,k,v,0.375,0,1,1,00174,3,0
1,23.08,0,0,1,k,v,1,0,1,0,00000,0,0
1,39.58,5,0,1,ff,ff,0,0,1,1,00017,1,0
1,30.58,2.71,1,0,m,v,0.125,0,0,0,00080,0,0
1,17.25,3,0,1,k,v,0.04,0,0,1,00160,40,0
0,17.67,0,1,0,j,ff,0,0,0,1,00086,0,0
0,?,11.25,0,1,ff,ff,0,0,0,1,?,5200,0
1,16.50,0.125,0,1,c,v,0.165,0,0,1,00132,0,0
0,27.33,1.665,0,1,ff,ff,0,0,0,1,00340,1,0
1,31.25,1.125,0,1,ff,ff,0,0,1,1,00096,19,0
1,20.00,7,0,1,c,v,0.5,0,0,1,00000,0,0
1,?,3,1,0,i,bb,7,0,0,1,00000,1,0
1,39.50,1.625,0,1,c,v,1.5,0,0,1,00000,316,0
1,36.50,4.25,0,1,q,v,3.5,0,0,1,00454,50,0
?,29.75,0.665,0,1,w,v,0.25,0,0,1,00300,0,0
1,52.42,1.5,0,1,d,v,3.75,0,0,1,00000,350,0
1,36.17,18.125,0,1,w,v,0.085,0,0,1,00320,3552,0
1,34.58,0,?,?,?,?,0,0,0,p,?,0,0
1,29.67,0.75,1,0,c,v,0.04,0,0,1,00240,0,0
1,36.17,5.5,0,1,i,bb,5,0,0,1,00210,687,0
1,25.67,0.29,1,0,c,v,1.5,0,0,1,00160,0,0
0,24.50,2.415,1,0,c,v,0,0,0,1,00120,0,0
1,24.08,0.875,0,1,m,v,0.085,0,1,1,00254,1950,0
1,21.92,0.5,0,1,c,v,0.125,0,0,1,00360,0,0
0,36.58,0.29,0,1,ff,ff,0,0,1,1,00200,18,0
0,23.00,1.835,0,1,j,j,0,0,1,1,00200,53,0
0,27.58,3,0,1,m,v,2.79,0,1,1,00280,10,0
1,31.08,3.085,0,1,c,v,2.5,0,1,1,00160,41,0
0,30.42,1.375,0,1,w,h,0.04,0,1,1,00000,33,0
1,22.08,2.335,0,1,k,v,0.75,0,0,1,00180,0,0
1,16.33,4.085,0,1,i,h,0.415,0,0,1,00120,0,0
0,21.92,11.665,0,1,k,h,0.085,0,0,1,00320,5,0
1,21.08,4.125,1,0,i,h,0.04,0,0,1,00140,100,0
1,17.42,6.5,0,1,i,v,0.125,0,0,1,00060,100,0
1,19.17,4,1,0,i,v,1,0,0,1,00360,1000,0
1,20.67,0.415,0,1,c,v,0.125,0,0,1,00000,44,0
1,26.75,2,0,1,d,v,0.75,0,0,1,00080,0,0
1,23.58,0.835,0,1,i,h,0.085,0,0,1,00220,5,0
1,39.17,2.5,1,0,i,h,10,0,0,0,00200,0,0
1,22.75,11.5,0,1,i,v,0.415,0,0,1,00000,0,0
?,26.50,2.71,1,0,?,?,0.085,0,0,0,00080,0,0
0,16.92,0.5,0,1,i,v,0.165,0,1,1,00240,35,0
1,23.50,3.165,1,0,k,v,0.415,0,1,1,00280,80,0
0,17.33,9.5,0,1,aa,v,1.75,0,1,1,00000,10,0
1,23.75,0.415,1,0,c,v,0.04,0,1,1,00128,6,0
1,34.67,1.08,0,1,m,v,1.165,0,0,0,00028,0,0
1,74.83,19,1,0,ff,ff,0.04,0,1,1,00000,351,0
1,28.17,0.125,1,0,k,v,0.085,0,0,1,00216,2100,0
1,24.50,13.335,1,0,aa,v,0.04,0,0,1,00120,475,0
1,18.83,3.54,1,0,ff,ff,0,0,0,1,00180,1,0
?,45.33,1,0,1,q,v,0.125,0,0,1,00263,0,0
0,47.25,0.75,0,1,q,h,2.75,1,1,1,00333,892,1
1,24.17,0.875,0,1,q,v,4.625,1,1,1,00520,2000,1
1,39.25,9.5,0,1,m,v,6.5,1,1,1,00240,4607,1
0,20.50,11.835,0,1,c,h,6,1,0,1,00340,0,1
0,18.83,4.415,1,0,c,h,3,1,0,1,00240,0,1
1,19.17,9.5,0,1,w,v,1.5,1,0,1,00120,2206,1
0,25.00,0.875,0,1,x,h,1.04,1,0,1,00160,5860,1
1,20.17,9.25,0,1,c,v,1.665,1,1,1,00040,28,1
1,25.75,0.5,0,1,c,v,1.46,1,1,1,00312,0,1
1,20.42,7,0,1,c,v,1.625,1,1,1,00200,1391,1
1,?,4,0,1,x,v,5,1,1,1,00290,2279,1
1,39.00,5,0,1,cc,v,3.5,1,1,1,00000,0,1
0,64.08,0.165,0,1,ff,ff,0,1,1,1,00232,100,1
1,28.25,5.125,0,1,x,v,4.75,1,1,1,00420,7,1
0,28.75,3.75,0,1,c,v,1.085,1,1,1,00371,0,1
1,31.33,19.5,0,1,c,v,7,1,1,1,00000,5000,1
0,18.92,9,0,1,aa,v,0.75,1,1,1,00088,591,1
0,24.75,3,0,1,q,h,1.835,1,1,1,00000,500,1
0,30.67,12,0,1,c,v,2,1,1,1,00220,19,1
1,21.00,4.79,1,0,w,v,2.25,1,1,1,00080,300,1
1,13.75,4,1,0,w,v,1.75,1,1,1,00120,1000,1
0,46.00,4,0,1,j,j,0,1,0,1,00100,960,1
0,44.33,0,0,1,c,v,2.5,1,0,1,00000,0,1
1,20.25,9.96,0,1,e,dd,0,1,0,1,00000,0,1
1,22.67,2.54,1,0,c,h,2.585,1,0,1,00000,0,1
1,?,10.5,0,1,x,v,6.5,1,0,1,00000,0,1
0,60.92,5,0,1,aa,v,4,1,1,1,00000,99,1
1,16.08,0.75,0,1,c,v,1.75,1,1,1,00352,690,1
0,28.17,0.375,0,1,q,v,0.585,1,1,1,00080,0,1
1,39.17,1.71,0,1,x,v,0.125,1,1,1,00480,0,1
?,20.42,7.5,0,1,k,v,1.5,1,1,1,00160,234,1
0,30.00,5.29,0,1,e,dd,2.25,1,1,1,00099,500,1
1,22.83,3,0,1,m,v,1.29,1,1,1,00260,800,1
0,22.50,8.5,0,1,q,v,1.75,1,1,1,00080,990,0
0,28.58,1.665,0,1,q,v,2.415,1,0,1,00440,0,0
1,45.17,1.5,0,1,c,v,2.5,1,0,1,00140,0,0
1,41.58,1.75,0,1,k,v,0.21,1,0,1,00160,0,0
0,57.08,0.335,0,1,i,bb,1,1,0,1,00252,2197,0
0,55.75,7.08,0,1,k,h,6.75,1,1,1,00100,50,0
1,43.25,25.21,0,1,q,h,0.21,1,1,1,00760,90,0
0,25.33,2.085,0,1,c,h,2.75,1,0,1,00360,1,0
0,24.58,0.67,0,1,aa,h,1.75,1,0,1,00400,0,0
1,43.17,2.25,0,1,i,bb,0.75,1,0,1,00560,0,0
1,40.92,0.835,0,1,ff,ff,0,1,0,1,00130,1,0
1,31.83,2.5,0,1,aa,v,7.5,1,0,1,00523,0,0
0,33.92,1.585,1,0,ff,ff,0,1,0,1,00320,0,0
0,24.92,1.25,0,1,ff,ff,0,1,0,1,00080,0,0
1,35.25,3.165,0,1,x,h,3.75,1,0,1,00680,0,0
1,34.25,1.75,0,1,w,bb,0.25,1,0,1,00163,0,0
1,80.25,5.5,0,1,?,?,0.54,1,0,1,00000,340,0
1,19.42,1.5,1,0,cc,v,2,1,0,1,00100,20,0
1,42.75,3,0,1,i,bb,1,1,0,1,00000,200,0
1,19.67,10,1,0,k,h,0.835,1,0,1,00140,0,0
1,36.33,3.79,0,1,w,v,1.165,1,0,1,00200,0,0
1,30.08,1.04,1,0,i,bb,0.5,1,1,1,00132,28,0
1,44.25,11,1,0,d,v,1.5,1,0,0,00000,0,0
1,23.58,0.46,1,0,w,v,2.625,1,1,1,00208,347,0
1,23.92,1.5,0,1,d,h,1.875,1,1,1,00200,327,1
1,33.17,1,0,1,x,v,0.75,1,1,1,00340,4071,1
1,48.33,12,0,1,m,v,16,1,0,0,00110,0,1
1,76.75,22.29,0,1,e,z,12.75,1,1,1,00000,109,1
1,51.33,10,0,1,i,bb,0,1,1,1,00000,1249,1
1,34.75,15,0,1,r,n,5.375,1,1,1,00000,134,1
1,38.58,3.335,0,1,w,v,4,1,1,1,00383,1344,1
0,22.42,11.25,1,0,x,h,0.75,1,1,1,00000,321,1
1,41.92,0.42,0,1,c,h,0.21,1,1,1,00220,948,1
1,29.58,4.5,0,1,w,v,7.5,1,1,1,00330,0,1
0,32.17,1.46,0,1,w,v,1.085,1,1,1,00120,2079,1
1,51.42,0.04,0,1,x,h,0.04,1,0,1,00000,3000,1
0,22.83,2.29,0,1,q,h,2.29,1,1,1,00140,2384,1
0,25.00,12.33,0,1,cc,h,3.5,1,1,1,00400,458,1
1,26.75,1.125,0,1,x,h,1.25,1,0,1,00000,5298,1
1,23.33,1.5,0,1,c,h,1.415,1,0,1,00422,200,1
1,24.42,12.335,0,1,q,h,1.585,1,0,1,00120,0,1
1,42.17,5.04,0,1,q,h,12.75,1,0,1,00092,0,1
0,20.83,3,0,1,aa,v,0.04,1,0,1,00100,0,1
1,23.08,11.5,0,1,w,h,2.125,1,1,1,00290,284,1
0,25.17,2.875,0,1,x,h,0.875,1,0,1,00360,0,1
1,43.08,0.375,1,0,c,v,0.375,1,1,1,00300,162,1
0,35.75,0.915,0,1,aa,v,0.75,1,1,1,00000,1583,1
1,59.50,2.75,0,1,w,v,1.75,1,1,1,00060,58,1
1,21.00,3,1,0,d,v,1.085,1,1,1,00160,1,1
1,21.92,0.54,1,0,x,v,0.04,1,1,1,00840,59,1
0,65.17,14,0,1,ff,ff,0,1,1,1,00000,1400,1
0,20.33,10,0,1,c,h,1,1,1,1,00050,1465,1
1,32.25,0.165,1,0,c,h,3.25,1,1,1,00432,8000,1
1,30.17,0.5,0,1,c,v,1.75,1,1,1,00032,540,1
1,25.17,6,0,1,c,v,1,1,1,1,00000,0,1
1,39.17,1.625,0,1,c,v,1.5,1,1,1,00186,4700,1
1,39.08,6,0,1,m,v,1.29,1,1,1,00108,1097,1
1,31.67,0.83,0,1,x,v,1.335,1,1,1,00303,3290,1
1,41.00,0.04,0,1,e,v,0.04,0,1,0,00560,0,1
1,48.50,4.25,0,1,m,v,0.125,1,0,1,00225,0,1
1,32.67,9,1,0,w,h,5.25,1,0,1,00154,0,1
0,28.08,15,1,0,e,z,0,1,0,1,00000,13212,1
1,73.42,17.75,0,1,ff,ff,0,1,0,1,00000,0,1
1,64.08,20,0,1,x,h,17.5,1,1,1,00000,1000,1
1,51.58,15,0,1,c,v,8.5,1,1,1,00000,0,1
1,26.67,1.75,1,0,c,v,1,1,1,1,00160,5777,1
1,25.33,0.58,0,1,c,v,0.29,1,1,1,00096,5124,1
1,30.17,6.5,0,1,cc,v,3.125,1,1,1,00330,1200,1
1,27.00,0.75,0,1,c,h,4.25,1,1,1,00312,150,1
1,23.17,0,?,?,?,?,0,0,0,p,?,0,1
1,34.17,5.25,0,1,w,v,0.085,0,0,1,00290,6,1
1,38.67,0.21,0,1,k,v,0.085,1,0,1,00280,0,1
1,25.75,0.75,0,1,c,bb,0.25,1,0,1,00349,23,1
0,46.08,3,0,1,c,v,2.375,1,1,1,00396,4159,1
0,21.50,6,0,1,aa,v,2.5,1,1,1,00080,918,1
?,20.08,0.125,0,1,q,v,1,0,1,1,00240,768,1
1,20.50,2.415,0,1,c,v,2,1,1,1,00200,3000,1
0,29.50,0.46,0,1,k,v,0.54,1,1,1,00380,500,1
?,42.25,1.75,1,0,?,?,0,0,0,1,00150,1,0
1,29.83,1.25,1,0,k,v,0.25,0,0,1,00224,0,0
1,20.08,0.25,0,1,q,v,0.125,0,0,1,00200,0,0
1,23.42,0.585,0,1,c,h,0.085,1,0,1,00180,0,0
0,29.58,1.75,1,0,k,v,1.25,0,0,1,00280,0,0
1,16.17,0.04,0,1,c,v,0.04,0,0,1,00000,0,1
1,32.33,3.5,0,1,k,v,0.5,0,0,1,00232,0,0
1,?,0.04,1,0,d,v,4.25,0,0,1,00460,0,0
1,47.83,4.165,0,1,x,bb,0.085,0,0,1,00520,0,0
1,20.00,1.25,1,0,k,v,0.125,0,0,1,00140,4,0
1,27.58,3.25,1,0,q,h,5.085,0,1,1,00369,1,0
1,22.00,0.79,0,1,w,v,0.29,0,1,1,00420,283,0
1,19.33,10.915,0,1,c,bb,0.585,0,1,1,00200,7,0
0,38.33,4.415,0,1,c,v,0.125,0,0,1,00160,0,0
1,29.42,1.25,0,1,c,h,0.25,0,1,1,00400,108,0
1,22.67,0.75,0,1,i,v,1.585,0,1,1,00400,9,0
1,32.25,14,1,0,ff,ff,0,0,1,1,00160,1,0
1,29.58,4.75,0,1,m,v,2,0,1,1,00460,68,0
1,18.42,10.415,1,0,aa,v,0.125,1,0,1,00120,375,0
1,22.17,2.25,0,1,i,v,0.125,0,0,1,00160,10,0
1,22.67,0.165,0,1,c,j,2.25,0,0,0,00000,0,1
0,25.58,0,?,?,?,?,0,0,0,p,?,0,1
1,18.83,0,0,1,q,v,0.665,0,0,1,00160,1,0
1,21.58,0.79,1,0,cc,v,0.665,0,0,1,00160,0,0
1,23.75,12,0,1,c,v,2.085,0,0,0,00080,0,0
1,22.00,7.835,1,0,i,bb,0.165,0,0,1,?,0,0
1,36.08,2.54,0,1,ff,ff,0,0,0,1,00000,1000,0
1,29.25,13,0,1,d,h,0.5,0,0,1,00228,0,0
0,19.58,0.665,0,1,w,v,1.665,0,0,1,00220,5,0
0,22.92,1.25,0,1,q,v,0.25,0,0,1,00120,809,0
0,27.25,0.29,0,1,m,h,0.125,0,1,1,00272,108,0
0,38.75,1.5,0,1,ff,ff,0,0,0,1,00076,0,0
1,32.42,2.165,1,0,k,ff,0,0,0,1,00120,0,0
0,23.75,0.71,0,1,w,v,0.25,0,1,1,00240,4,0
1,18.17,2.46,0,1,c,n,0.96,0,1,1,00160,587,0
1,40.92,0.5,1,0,m,v,0.5,0,0,1,00130,0,0
1,19.50,9.585,0,1,aa,v,0.79,0,0,1,00080,350,0
1,28.58,3.625,0,1,aa,v,0.25,0,0,1,00100,0,0
1,35.58,0.75,0,1,k,v,1.5,0,0,1,00231,0,0
1,34.17,2.75,0,1,i,bb,2.5,0,0,1,00232,200,0
?,33.17,2.25,1,0,cc,v,3.5,0,0,1,00200,141,0
1,31.58,0.75,1,0,aa,v,3.5,0,0,1,00320,0,0
0,52.50,7,0,1,aa,h,3,0,0,1,00000,0,0
1,36.17,0.42,1,0,w,v,0.29,0,0,1,00309,2,0
1,37.33,2.665,0,1,cc,v,0.165,0,0,1,00000,501,0
0,20.83,8.5,0,1,c,v,0.165,0,0,1,00000,351,0
1,24.08,9,0,1,aa,v,0.25,0,0,1,00000,0,0
1,25.58,0.335,0,1,k,h,3.5,0,0,1,00340,0,0
0,35.17,3.75,0,1,ff,ff,0,0,1,1,00000,200,0
1,48.08,3.75,0,1,i,bb,1,0,0,1,00100,2,0
0,15.83,7.625,0,1,q,v,0.125,0,1,1,00000,160,0
0,22.50,0.415,0,1,i,v,0.335,0,0,0,00144,0,0
1,21.50,11.5,0,1,i,v,0.5,1,0,1,00100,68,0
0,23.58,0.83,0,1,q,v,0.415,0,1,1,00200,11,0
0,21.08,5,1,0,ff,ff,0,0,0,1,00000,0,0
1,25.67,3.25,0,1,c,h,2.29,0,1,1,00416,21,0
0,38.92,1.665,0,1,aa,v,0.25,0,0,1,00000,390,0
0,15.75,0.375,0,1,c,v,1,0,0,1,00120,18,0
0,28.58,3.75,0,1,c,v,0.25,0,1,1,00040,154,0
1,22.25,9,0,1,aa,v,0.085,0,0,1,00000,0,0
1,29.83,3.5,0,1,c,v,0.165,0,0,1,00216,0,0
0,23.50,1.5,0,1,w,v,0.875,0,0,1,00160,0,0
1,32.08,4,1,0,cc,v,1.5,0,0,1,00120,0,0
1,31.08,1.5,1,0,w,v,0.04,0,0,0,00160,0,0
1,31.83,0.04,1,0,m,v,0.04,0,0,1,00000,0,0
0,21.75,11.75,0,1,c,v,0.25,0,0,1,00180,0,0
0,17.92,0.54,0,1,c,v,1.75,0,1,1,00080,5,0
1,30.33,0.5,0,1,d,h,0.085,0,0,0,00252,0,0
1,51.83,2.04,1,0,ff,ff,1.5,0,0,1,00120,1,0
1,47.17,5.835,0,1,w,v,5.5,0,0,1,00465,150,0
1,25.83,12.835,0,1,cc,v,0.5,0,0,1,00000,2,0
0,50.25,0.835,0,1,aa,v,0.5,0,0,1,00240,117,0
?,29.50,2,1,0,e,h,2,0,0,1,00256,17,0
0,37.33,2.5,0,1,i,h,0.21,0,0,1,00260,246,0
0,41.58,1.04,0,1,aa,v,0.665,0,0,1,00240,237,0
0,30.58,10.665,0,1,q,h,0.085,0,1,1,00129,3,0
1,19.42,7.25,0,1,m,v,0.04,0,1,1,00100,1,0
0,17.92,10.21,0,1,ff,ff,0,0,0,1,00000,50,0
0,20.08,1.25,0,1,c,v,0,0,0,1,00000,0,0
1,19.50,0.29,0,1,k,v,0.29,0,0,1,00280,364,0
1,27.83,1,1,0,d,h,3,0,0,1,00176,537,0
1,17.08,3.29,0,1,i,v,0.335,0,0,1,00140,2,0
1,36.42,0.75,1,0,d,v,0.585,0,0,1,00240,3,0
1,40.58,3.29,0,1,m,v,3.5,0,0,0,00400,0,0
1,21.08,10.085,1,0,e,h,1.25,0,0,1,00260,0,0
0,22.67,0.75,0,1,c,v,2,0,1,1,00200,394,0
0,25.25,13.5,1,0,ff,ff,2,0,1,1,00200,1,0
1,17.92,0.205,0,1,aa,v,0.04,0,0,1,00280,750,0
1,35.00,3.375,0,1,c,h,8.29,0,0,1,00000,0,0
